net,length_um
net358,697.205µm
adder_inst.man_b_r\[14\],616.66µm
net423,592.25µm
net288,587.21µm
net417,580.91µm
net204,562.81µm
net275,558.43µm
net224,521.01µm
net264,491.705µm
net236,490.54µm
net218,480.93µm
net429,480.8µm
adder_inst.man_b_r\[17\],480.645µm
net270,473.15µm
net446,466.35µm
net482,455.68µm
net230,450.07µm
adder_inst.man_a_r\[0\],446.57µm
net523,442.43µm
net364,418.57µm
net245,415.235µm
clknet_2_3__leaf_clk,412.98µm
net476,412.88µm
net202,408.315µm
net251,406.54µm
net249,405.45µm
net248,402.805µm
net304,400.75µm
net553,397.38µm
net451,391.905µm
net246,388.54µm
net344,382.25µm
net405,378.385µm
net309,371.2µm
net609,365.35µm
net211,364.38µm
net243,362.88µm
net346,362.22µm
net240,355.94µm
net469,354.87µm
net457,351.97µm
net292,349.86µm
net583,349.65µm
net549,344.92µm
net411,337.17µm
net352,336.28µm
net229,335.28µm
net281,333.885µm
net388,332.725µm
net380,331.205µm
net399,330.98µm
net269,330.89µm
net238,329.85µm
clknet_2_1__leaf_clk,329.5µm
net231,329.325µm
net242,325.64µm
net286,325.315µm
clknet_0_clk,323.53µm
net435,322.83µm
net376,320.485µm
net235,319.76µm
net463,319.455µm
net394,319.08µm
net301,317.795µm
net267,311.67µm
net255,310.94µm
net244,309.78µm
net279,309µm
net340,308.805µm
net551,308.76µm
clknet_2_0__leaf_clk,308.1µm
net382,306.24µm
clk,304.6µm
net444,304.35µm
net398,303.465µm
net225,303.45µm
clknet_2_2__leaf_clk,300.84µm
net222,300.805µm
net250,299.67µm
net239,299.57µm
net385,298.795µm
net219,296.2µm
adder_inst.man_a_r\[22\],293.63µm
net260,293.47µm
net263,289.24µm
net252,289.15µm
net475,287.6µm
net416,286.115µm
net348,284.21µm
net298,283.46µm
net555,281.74µm
adder_inst.man_b_r\[8\],280.67µm
net370,280.07µm
net265,276.54µm
_2568_,273.68µm
net322,269.805µm
adder_inst.man_a_r\[7\],268.42µm
net384,265.68µm
net378,265.205µm
net316,265.015µm
net327,264.5µm
net392,261.78µm
net479,261µm
net374,258.4µm
net404,258.18µm
net282,258.155µm
net333,257.96µm
net472,257.17µm
net256,254.42µm
net273,254.19µm
net465,254.04µm
net186,253.495µm
net409,252.14µm
net468,251.885µm
net438,251.61µm
net441,251.44µm
net428,250.83µm
net400,250.32µm
net274,248.8µm
net425,248.73µm
adder_inst.man_a_r\[2\],248µm
adder_inst.man_a_r\[6\],247.89µm
net403,245.78µm
net481,245.385µm
net308,244.56µm
net369,243.66µm
net215,241.71µm
net413,238.55µm
net410,238.13µm
adder_inst.man_a_r\[3\],237.72µm
net104,236.72µm
net449,236.23µm
net261,234.35µm
net460,231.94µm
net456,231.54µm
net297,231.29µm
net276,231.08µm
net434,230.44µm
net175,230.06µm
net356,229.8µm
net67,228.91µm
net291,227.05µm
net462,224.045µm
net367,223.85µm
net200,223.155µm
net300,222.6µm
net373,222.6µm
adder_inst.man_a_r\[16\],221.4µm
net454,221.24µm
_3152_,221.16µm
net391,220.84µm
net351,220.06µm
net203,219.47µm
net347,217.84µm
net216,216.56µm
net258,215.52µm
net362,215.35µm
net573,214.28µm
net168,214.01µm
net289,213.28µm
net307,212.695µm
net450,212.585µm
net323,211.38µm
net303,211.115µm
_3270_,209.56µm
net337,208.59µm
net453,208.155µm
_3342_,207.69µm
net113,206.94µm
net464,206.76µm
net345,205.315µm
net365,204.545µm
net448,204.22µm
net397,203.99µm
net318,203.395µm
_3371_,202.84µm
net354,202.82µm
net341,201.22µm
opcode_stage1,201.16µm
net305,200.56µm
net459,200.195µm
net357,199.56µm
net386,199.36µm
net565,199.31µm
net108,199.3µm
net383,198.935µm
net349,198.67µm
adder_inst.man_a_r\[4\],198.56µm
net363,198.315µm
net359,197.86µm
net201,197.62µm
net321,197.36µm
net315,196.905µm
net217,195.36µm
_2256_,195.355µm
net293,195.03µm
net178,194.6µm
adder_inst.man_b_r\[4\],194.28µm
adder_inst.exp_larger_r\[7\],194.26µm
net205,192.71µm
net247,192.33µm
net227,191.84µm
net371,191.68µm
net480,191.64µm
multiplier_inst.man_final_r\[22\],191.38µm
net287,190.61µm
net207,189.9µm
net324,189.88µm
net262,189.38µm
net342,188.56µm
net431,188.34µm
adder_inst.i_a\[8\],187.68µm
net407,186.295µm
net439,185.465µm
net171,184.94µm
net237,184.905µm
net266,184.85µm
net187,184.22µm
net232,184.08µm
net191,183.6µm
net271,183.41µm
net489,183.145µm
net210,183.115µm
_2573_,183.04µm
net458,182.635µm
net430,182.3µm
net445,182.2µm
net466,181.115µm
net290,180.44µm
net368,180.23µm
net253,179.635µm
net233,179.465µm
net406,178.02µm
net212,177.57µm
adder_inst.man_b_r\[0\],177.06µm
net185,175.88µm
net268,175.27µm
net199,175.055µm
net299,174.81µm
_3364_,174.62µm
net220,174.555µm
net214,172.95µm
net259,172.92µm
net563,172.38µm
net542,170.795µm
net166,170.175µm
net360,169.74µm
net415,169.34µm
net505,169.235µm
net226,168.835µm
net422,168.83µm
adder_inst.man_b_r\[2\],168.58µm
net641,168.58µm
net181,168.435µm
clknet_leaf_16_clk,167.88µm
net501,167.725µm
net554,167.42µm
net503,166.66µm
net437,166.18µm
net436,165.66µm
_3355_,165.56µm
net176,165.53µm
_3167_,165.46µm
_4358_,165.445µm
_3665_,165.435µm
net412,165.265µm
net474,165.075µm
net467,165.065µm
adder_inst.sum_raw_r\[7\],164.63µm
net470,164.585µm
net402,164.56µm
net213,164.44µm
net395,164.215µm
net518,161.86µm
net355,161.24µm
net534,161.08µm
adder_inst.sum_raw_r\[9\],160.9µm
net180,159.42µm
net164,159.35µm
net326,158.535µm
net560,158.34µm
_0085_,158.06µm
net426,157.59µm
clknet_leaf_4_clk,156.975µm
adder_inst.sum_raw_r\[8\],156.88µm
clknet_leaf_13_clk,156.68µm
net311,156.615µm
net241,156.15µm
net432,155.985µm
net494,155.88µm
adder_inst.man_b_r\[1\],155.7µm
_4306_,155.57µm
net377,155.48µm
clknet_leaf_28_clk,155.2µm
net477,155.035µm
clknet_leaf_31_clk,155.02µm
net285,154.8µm
net353,154.53µm
net539,154.04µm
_3666_,153.875µm
_3209_,153.66µm
adder_inst.sum_raw_r\[16\],153.655µm
net280,153.56µm
adder_inst.sum_raw_r\[14\],153.245µm
net598,152.16µm
_3365_,151.76µm
net361,151.66µm
net278,150.9µm
net637,150.62µm
_1035_,150.22µm
net173,150.06µm
_3212_,150µm
net491,149.98µm
net295,149.42µm
net283,148.96µm
net294,148.46µm
_0084_,148.28µm
adder_inst.sum_raw_r\[6\],147.42µm
net343,146.42µm
net488,146.32µm
_1081_,145.74µm
adder_inst.sum_raw_r\[10\],145.56µm
net254,145.37µm
net381,145.2µm
net155,144.895µm
net497,144.745µm
net302,144.66µm
_4370_,144.285µm
net506,144.26µm
adder_inst.sum_raw_r\[12\],144.18µm
adder_inst.sum_raw_r\[11\],143.735µm
adder_inst.sum_raw_r\[23\],143.72µm
_0104_,142.99µm
net424,142.94µm
net206,142.92µm
clknet_leaf_27_clk,142.51µm
net317,142.415µm
net375,141.68µm
net455,141.47µm
net161,141.3µm
net427,140.98µm
_1082_,139.6µm
net442,139.52µm
net272,138.96µm
net420,138.89µm
net548,138.22µm
adder_inst.is_nan_r,137.855µm
net683,136.375µm
_3217_,134.94µm
net193,134.56µm
_1153_,134.29µm
net487,134.04µm
net387,133.935µm
net140,133.58µm
_3678_,133.31µm
adder_inst.man_a_r\[17\],133.15µm
adder_inst.sum_raw_r\[13\],132.625µm
net188,132.62µm
clknet_leaf_3_clk,132.14µm
net209,131.64µm
net520,131.54µm
adder_inst.sum_raw_r\[15\],131.4µm
net162,131µm
net156,130.88µm
_4115_,130.515µm
_3237_,130.5µm
adder_inst.sum_raw_r\[5\],130.2µm
clknet_leaf_9_clk,130.16µm
multiplier_inst.is_nan_r,130.14µm
adder_inst.exp_larger\[4\],129.06µm
_0082_,128.82µm
_3435_,128.78µm
clknet_leaf_17_clk,128.18µm
net498,128.1µm
net433,128.095µm
net485,127.955µm
net221,127.62µm
net320,127.48µm
net447,127.37µm
net177,126.965µm
net330,126.56µm
net284,126.36µm
net484,126.25µm
clknet_leaf_0_clk,125.955µm
_0456_,125.56µm
net165,125.12µm
_3197_,124.98µm
net277,124.72µm
adder_inst.sum_raw_r\[4\],123.755µm
adder_inst.exp_larger\[6\],122.125µm
net639,122.04µm
net142,121.75µm
net379,121.72µm
net493,121.545µm
net414,121.48µm
net310,119.74µm
net408,119.72µm
net517,119.255µm
net421,119.21µm
net461,118.955µm
net630,118.84µm
_1113_,118.78µm
net486,118.725µm
_3363_,118.48µm
_1622_,118.38µm
net547,117.66µm
net105,117.48µm
adder_inst.exp_larger\[5\],117.26µm
_3222_,117.11µm
net418,116.945µm
net396,116.88µm
net338,116.6µm
net328,116.555µm
_3362_,116.4µm
_0062_,115.56µm
_1158_,115.21µm
net184,115.06µm
net138,114.75µm
_3170_,113.66µm
net499,113.605µm
net515,113.5µm
net195,112.98µm
net296,112.775µm
net389,112.76µm
_3022_,112.64µm
adder_inst.exp_larger_r\[1\],112.64µm
net314,111.77µm
net334,111.66µm
adder_inst.is_zero_b_r,111.65µm
adder_inst.exp_larger_r\[2\],111.64µm
net170,111.58µm
_1114_,111.47µm
net490,111.46µm
net6,110.275µm
net190,110.21µm
adder_inst.sum_raw_r\[3\],110.02µm
_2570_,109.6µm
net545,109.475µm
net543,109.29µm
net139,109.27µm
net208,109.14µm
net131,108.66µm
net189,108.59µm
net313,108.02µm
net508,107.94µm
adder_inst.exp_larger_r\[3\],107.78µm
net145,107.66µm
net401,106.715µm
_3189_,106.58µm
net535,106.56µm
_3504_,105.48µm
net123,105.4µm
clknet_leaf_14_clk,105.3µm
net525,105.26µm
net159,105.06µm
net179,104.68µm
_3176_,104.54µm
net527,104.5µm
_1080_,104.24µm
net137,103.92µm
clknet_leaf_24_clk,103.78µm
net521,103.56µm
adder_inst.exp_b_r\[1\],103.495µm
net393,103.18µm
_4300_,103.07µm
clknet_leaf_25_clk,102.76µm
net546,102.64µm
net119,102.625µm
clknet_leaf_5_clk,102.54µm
net507,102.44µm
_3462_,102.23µm
_0080_,102.03µm
net257,101.32µm
net510,101.12µm
net148,100.53µm
net350,100.4µm
_3404_,100.26µm
net661,99.95µm
net538,99.89µm
net496,99.37µm
net121,98.86µm
_3187_,98.72µm
adder_inst.sum_raw_r\[1\],98.365µm
net336,98.34µm
net541,98.18µm
net671,97.84µm
_0081_,97.61µm
adder_inst.exp_larger_r\[0\],97.5µm
net528,97.38µm
net524,97.36µm
net174,97.115µm
clknet_leaf_22_clk,96.155µm
net537,95.33µm
net228,95.26µm
net128,95.07µm
net197,94.95µm
adder_inst.sum_raw_r\[0\],94.485µm
_2678_,94.34µm
_3790_,93.86µm
net540,93.52µm
net143,93.5µm
clknet_leaf_19_clk,93.36µm
clknet_leaf_29_clk,93.335µm
net529,93.26µm
net331,93.12µm
net325,92.795µm
net234,92.71µm
net160,92.46µm
_3383_,92.34µm
net127,92.27µm
_3680_,92µm
clknet_leaf_20_clk,91.98µm
net513,91.92µm
net495,91.455µm
_0079_,91.38µm
_3372_,91.24µm
_0035_,91.02µm
net332,90.6µm
net183,90.51µm
_3200_,90.34µm
net115,90.2µm
_0542_,90.06µm
net151,89.93µm
clknet_leaf_15_clk,89.91µm
_3677_,89.9µm
net492,89.825µm
net504,89.66µm
net366,89.6µm
adder_inst.sum_raw_r\[2\],89.535µm
net120,89.34µm
_3699_,89.32µm
net512,89.28µm
net312,89.205µm
_3357_,89.1µm
adder_inst.is_nan_b_r,89.1µm
_4374_,89.01µm
_4452_,88.98µm
net533,88.98µm
adder_inst.exp_b_r\[0\],88.86µm
adder_inst.exp_larger\[1\],88.24µm
net519,88.02µm
adder_inst.exp_larger\[3\],88µm
_3206_,87.88µm
_4509_,87.81µm
_4059_,87.7µm
_3732_,87.52µm
net122,87.52µm
_0064_,87.4µm
_3347_,87.39µm
_1623_,87.18µm
_2247_,87.14µm
net134,87.02µm
_2565_,86.72µm
_1569_,86.18µm
net319,85.975µm
_0036_,85.84µm
_4084_,85.69µm
net124,85.66µm
net531,85.42µm
_1570_,85.36µm
adder_inst.is_inf_b_r,85.1µm
net483,84.82µm
net452,84.69µm
net329,84.57µm
net198,84.36µm
_2783_,84.2µm
net196,83.705µm
clknet_leaf_8_clk,83.435µm
net223,83.395µm
_3368_,83.32µm
net169,82.98µm
_3414_,82.14µm
_3017_,81.98µm
_3366_,80.86µm
net192,80.53µm
adder_inst.man_a_r\[12\],79.98µm
_2643_,79.72µm
_4444_,79.64µm
net114,79.5µm
_1145_,79.44µm
_4298_,79.42µm
_0047_,79.4µm
_3625_,79.36µm
adder_inst.exp_b_r\[2\],79.3µm
_2800_,79.26µm
net419,79.2µm
_4443_,78.98µm
_2654_,78.7µm
net511,78.1µm
net536,77.88µm
net106,77.03µm
_3382_,76.98µm
_3908_,76.92µm
adder_inst.sum_raw\[0\],76.72µm
net125,76.515µm
net526,76.46µm
adder_inst.exp_a_r\[0\],76.4µm
net116,76.36µm
adder_inst.sum_raw_r\[18\],76.3µm
_1028_,76.24µm
_3171_,76.14µm
net532,76.11µm
_3923_,75.7µm
adder_inst.sum_raw\[19\],75.58µm
_0976_,75.54µm
_0058_,75.46µm
_3201_,75.33µm
_3920_,75.13µm
net158,75.08µm
net586,75.02µm
_3180_,74.99µm
adder_inst.man_a_r\[23\],74.78µm
_3906_,74.64µm
adder_inst.sum_raw\[1\],74.38µm
_0092_,74.08µm
net502,74.02µm
net648,73.97µm
_0091_,73.92µm
_2662_,73.9µm
adder_inst.exp_larger\[0\],73.64µm
_1109_,73.62µm
_3033_,73.495µm
net306,73.46µm
_3031_,73.38µm
_3473_,72.98µm
_2574_,72.67µm
_0714_,72.38µm
_0427_,72.26µm
clknet_leaf_1_clk,71.74µm
_3864_,71.5µm
net655,71.5µm
clknet_leaf_26_clk,71.28µm
adder_inst.sum_raw\[2\],71.24µm
_4077_,70.92µm
_1144_,70.82µm
net182,70.755µm
adder_inst.exp_b_r\[3\],70.5µm
clknet_leaf_18_clk,70.06µm
adder_inst.exp_larger_r\[6\],69.98µm
_2641_,69.8µm
net154,69.425µm
_3358_,69.3µm
_0089_,69.28µm
_4163_,68.68µm
clknet_leaf_30_clk,68.64µm
_3937_,68.56µm
_1446_,68.52µm
mul_res\[14\],68.04µm
_4558_,68.02µm
net556,68µm
adder_inst.man_b_r\[22\],67.66µm
_1593_,67.34µm
_4391_,67.26µm
net500,67.115µm
adder_inst.man_b_r\[7\],67.085µm
adder_inst.sum_raw\[18\],67.02µm
_1872_,66.56µm
_3704_,66µm
_1777_,65.87µm
net136,65.76µm
_3273_,65.73µm
_4461_,65.72µm
_0740_,65.56µm
_3361_,65.34µm
_1697_,65.13µm
_3030_,65.12µm
net372,65.06µm
net149,65.02µm
adder_inst.exp_larger_r\[4\],65µm
adder_inst.sum_raw_r\[17\],64.98µm
_3207_,64.82µm
adder_inst.man_a_r\[10\],64.8µm
_3312_,64.7µm
_3874_,64.6µm
adder_inst.exp_larger\[2\],64.38µm
_1147_,64.34µm
_3034_,64.24µm
net516,64.24µm
_1133_,64.06µm
adder_inst.exp_larger_r\[5\],63.8µm
_1445_,63.52µm
_4078_,63.48µm
_3481_,63.42µm
_0627_,63.16µm
_3987_,63.15µm
_3151_,63.12µm
_1030_,63.1µm
multiplier_inst.is_zero_r,63.06µm
_1554_,62.96µm
_4341_,62.93µm
_3469_,62.92µm
_3445_,62.81µm
adder_inst.is_zero_r,62.665µm
_3446_,62.62µm
net509,62.38µm
adder_inst.man_a_r\[5\],62.18µm
net133,61.99µm
net135,61.3µm
_1993_,61.1µm
_1856_,61µm
net107,60.6µm
_3767_,60.24µm
_1712_,59.92µm
_0061_,59.88µm
net141,59.76µm
_3406_,59.715µm
clknet_leaf_7_clk,59.66µm
_1673_,59.64µm
_3871_,59.33µm
net478,59.16µm
_4090_,59.04µm
_3929_,59.02µm
_1372_,58.82µm
net111,58.78µm
adder_inst.man_a\[23\],58.56µm
multiplier_inst.man_final\[0\],58.52µm
_3728_,58.28µm
_3333_,58.02µm
_3029_,57.92µm
_1908_,57.78µm
_3939_,57.72µm
_1935_,57.56µm
net194,57.25µm
_2739_,57.16µm
_1671_,56.92µm
adder_inst.sum_raw_r\[21\],56.91µm
_4068_,56.82µm
_3628_,56.7µm
_0638_,56.66µm
_2139_,56.41µm
adder_inst.sum_raw\[3\],56.345µm
_3858_,56.16µm
_1137_,56.04µm
_3025_,55.86µm
adder_inst.man_b_r\[21\],55.8µm
net443,55.68µm
adder_inst.man_a_r\[20\],55.58µm
net157,55.38µm
mul_res\[15\],55.3µm
_4474_,55.06µm
_1780_,54.9µm
_2255_,54.8µm
_3395_,54.78µm
_3493_,54.68µm
net144,54.56µm
adder_inst.i_a\[1\],54.52µm
_2367_,54.48µm
_2481_,54.48µm
_0741_,54.32µm
net339,54.32µm
_2894_,54.24µm
_2249_,54.1µm
_2773_,54.095µm
_1072_,53.84µm
_3997_,53.82µm
_2749_,53.79µm
_2799_,53.695µm
_3257_,53.4µm
net530,53.04µm
_2887_,52.94µm
_3085_,52.85µm
_4093_,52.7µm
adder_inst.man_a_r\[9\],52.68µm
net172,52.63µm
_3775_,52.52µm
_2064_,52.5µm
_4296_,52.4µm
net522,52.38µm
_4190_,52.34µm
_1019_,52.32µm
_3791_,52.3µm
adder_inst.sum_raw\[5\],51.84µm
clknet_leaf_6_clk,51.74µm
_0807_,51.72µm
adder_inst.man_a_r\[8\],51.64µm
net649,51.6µm
_3388_,51.52µm
_3774_,51.5µm
_2965_,51.34µm
_3823_,51.26µm
net656,51.24µm
_0801_,51.16µm
_4207_,51.14µm
_4477_,51µm
_0440_,50.96µm
_3888_,50.88µm
_1134_,50.78µm
_1562_,50.52µm
net562,50.49µm
_0794_,50.44µm
_3826_,50.4µm
_2280_,50.28µm
net471,50.28µm
_2936_,50.2µm
_3035_,50.07µm
_2818_,50.04µm
_4357_,50.04µm
net599,50.02µm
_4203_,49.98µm
adder_inst.sum_raw\[16\],49.98µm
_3394_,49.96µm
_4302_,49.86µm
_3831_,49.58µm
_4399_,49.58µm
net440,49.58µm
_3059_,49.56µm
_3173_,49.52µm
_1040_,49.46µm
adder_inst.sum_raw\[17\],49.36µm
_2236_,49.34µm
_1128_,49.26µm
_3134_,49.16µm
_1352_,49.08µm
net150,49.08µm
adder_inst.sum_raw\[4\],48.86µm
_0065_,48.7µm
adder_inst.man_b_r\[5\],48.62µm
_1787_,48.54µm
net544,48.52µm
net659,48.36µm
_4270_,48.28µm
_2080_,48.26µm
_2738_,48.25µm
_4450_,48.18µm
_1735_,48.17µm
_1411_,48.06µm
_3884_,47.94µm
multiplier_inst.man_final\[2\],47.92µm
_1844_,47.89µm
multiplier_inst.man_final\[8\],47.705µm
_1373_,47.7µm
_1547_,47.68µm
_3313_,47.66µm
_1472_,47.6µm
_3341_,47.48µm
_1543_,47.34µm
_3770_,47.24µm
_1924_,47.16µm
_2000_,47µm
_4216_,46.92µm
net514,46.84µm
_0437_,46.72µm
_3244_,46.68µm
_3979_,46.58µm
_1013_,46.49µm
_1544_,46.42µm
adder_inst.exp_a\[7\],46.42µm
_2622_,46.4µm
adder_inst.i_b\[0\],46.32µm
_3709_,46.24µm
_4106_,46.24µm
_2156_,46.2µm
multiplier_inst.man_final\[7\],46.2µm
_2482_,45.98µm
_1466_,45.96µm
_3037_,45.9µm
_3213_,45.87µm
_2487_,45.86µm
_4393_,45.7µm
_2548_,45.66µm
_3919_,45.64µm
_3235_,45.56µm
net130,45.48µm
_0960_,45.43µm
_2508_,45.42µm
_2806_,45.36µm
_1138_,45.18µm
_1405_,45.16µm
_1116_,45.14µm
_3413_,44.915µm
_1656_,44.8µm
net572,44.66µm
_2065_,44.65µm
_1407_,44.64µm
_2509_,44.64µm
_2886_,44.54µm
_1132_,44.4µm
adder_inst.exp_a_r\[2\],44.395µm
_1120_,44.34µm
_2212_,44.21µm
_0063_,44.14µm
_0769_,44.06µm
_0752_,43.98µm
_3773_,43.855µm
_4133_,43.8µm
_0749_,43.74µm
_1193_,43.72µm
multiplier_inst.man_final\[18\],43.64µm
_3966_,43.62µm
_4099_,43.62µm
_3977_,43.58µm
_2360_,43.56µm
multiplier_inst.man_final\[4\],43.56µm
_1121_,43.54µm
_2484_,43.54µm
adder_inst.man_b_r\[18\],43.5µm
_3238_,43.295µm
_1503_,43.26µm
_1701_,43.24µm
net654,43.24µm
_3132_,43.2µm
_1209_,43.18µm
_2257_,43.1µm
adder_inst.man_b_r\[15\],43.08µm
_4003_,43.06µm
_1964_,43.02µm
_3679_,43.01µm
_3656_,42.92µm
_3956_,42.84µm
_0911_,42.8µm
_3499_,42.76µm
net103,42.72µm
_3729_,42.58µm
_1676_,42.56µm
_0889_,42.46µm
_1412_,42.46µm
_4224_,42.44µm
_4250_,42.38µm
_0759_,42.2µm
_2638_,42.16µm
_2952_,42.06µm
_1811_,42.02µm
_1705_,41.96µm
adder_inst.exp_a_r\[1\],41.9µm
mul_res\[23\],41.9µm
_3303_,41.79µm
adder_inst.exp_a_r\[3\],41.72µm
_2176_,41.68µm
_3387_,41.6µm
_4521_,41.56µm
_2964_,41.52µm
_1994_,41.48µm
adder_inst.exp_b\[3\],41.47µm
_1355_,41.44µm
_2872_,41.39µm
_3698_,41.38µm
_3707_,41.2µm
_0968_,41.13µm
_3328_,41.095µm
_2195_,41µm
_2873_,40.96µm
_3472_,40.92µm
_1749_,40.82µm
_3716_,40.82µm
_3844_,40.79µm
_0737_,40.76µm
_2909_,40.76µm
_2955_,40.74µm
_3006_,40.66µm
_4343_,40.62µm
_0662_,40.6µm
net851,40.6µm
_0649_,40.54µm
net112,40.5µm
_3876_,40.49µm
_2117_,40.38µm
_2830_,40.36µm
_3232_,40.2µm
_0481_,40.18µm
_3788_,40.15µm
_1065_,40.14µm
_4290_,40.04µm
_3948_,40.02µm
_3877_,39.945µm
_2896_,39.88µm
_4103_,39.88µm
_4480_,39.88µm
_1909_,39.82µm
adder_inst.exp_b_r\[4\],39.76µm
_0743_,39.72µm
_1319_,39.72µm
_3941_,39.7µm
_0789_,39.68µm
net126,39.64µm
_3777_,39.6µm
multiplier_inst.man_final\[6\],39.6µm
_1515_,39.59µm
_2411_,39.58µm
_1677_,39.57µm
_1387_,39.55µm
_1500_,39.54µm
net833,39.54µm
_4004_,39.44µm
_2931_,39.42µm
_0688_,39.28µm
_3905_,39.24µm
_0471_,39.22µm
_2694_,39.14µm
net110,39.08µm
_2107_,39µm
net3,38.82µm
_3855_,38.8µm
net613,38.735µm
_4199_,38.72µm
_1104_,38.66µm
adder_inst.exp_b_r\[5\],38.4µm
_1050_,38.38µm
_3648_,38.38µm
_4041_,38.36µm
_3005_,38.14µm
_0917_,38.12µm
_1555_,38.1µm
_1954_,38.02µm
_3814_,37.98µm
_4476_,37.94µm
_0755_,37.92µm
_2940_,37.86µm
_0774_,37.74µm
_1962_,37.72µm
_4021_,37.7µm
_2148_,37.68µm
_1941_,37.67µm
_1836_,37.58µm
net163,37.54µm
net50,37.52µm
multiplier_inst.man_final_r\[17\],37.4µm
_2225_,37.38µm
net618,37.36µm
_2338_,37.32µm
_3421_,37.28µm
_3415_,37.22µm
_4087_,37.135µm
_4543_,37.06µm
_3693_,37µm
_0648_,36.98µm
_0658_,36.98µm
_1532_,36.92µm
_3994_,36.88µm
_4254_,36.88µm
_4032_,36.82µm
_2140_,36.76µm
_2822_,36.76µm
_3259_,36.76µm
_3950_,36.76µm
_1769_,36.69µm
multiplier_inst.man_final\[9\],36.68µm
_1845_,36.64µm
net5,36.62µm
_3998_,36.58µm
_1434_,36.54µm
_3810_,36.54µm
_1124_,36.52µm
_2630_,36.52µm
_3008_,36.52µm
_1842_,36.51µm
_1467_,36.48µm
_4091_,36.48µm
_2032_,36.42µm
_0654_,36.32µm
_4075_,36.28µm
_0995_,36.26µm
_0601_,36.22µm
_2864_,36.22µm
_3338_,36.2µm
_0690_,36.18µm
adder_inst.exp_a_r\[6\],36.18µm
_0754_,36.14µm
_2542_,36.065µm
_4347_,36.06µm
multiplier_inst.is_inf_r,36.06µm
_3841_,36.02µm
_4031_,36.02µm
_4479_,36.01µm
_1447_,35.96µm
_0753_,35.94µm
_3175_,35.8µm
_0656_,35.72µm
_3965_,35.72µm
_4149_,35.7µm
_1679_,35.68µm
_1767_,35.67µm
_0963_,35.6µm
_2540_,35.56µm
multiplier_inst.man_final\[1\],35.56µm
_4506_,35.54µm
_0775_,35.5µm
_0776_,35.44µm
_2797_,35.44µm
_3895_,35.44µm
_3280_,35.405µm
_3511_,35.39µm
_2951_,35.36µm
_1388_,35.34µm
_4007_,35.32µm
_3398_,35.18µm
_2990_,35.12µm
_3004_,35.1µm
adder_inst.exp_b_r\[7\],35.07µm
_2009_,35.04µm
_2832_,35µm
_2352_,34.96µm
_3306_,34.92µm
_3603_,34.88µm
_4245_,34.875µm
_0855_,34.86µm
_2589_,34.8µm
_1745_,34.74µm
_1925_,34.7µm
adder_inst.sum_raw_r\[22\],34.54µm
_3904_,34.5µm
_4186_,34.5µm
_1129_,34.48µm
_1152_,34.48µm
_3711_,34.48µm
_3428_,34.38µm
_1064_,34.3µm
adder_inst.i_b\[10\],34.24µm
multiplier_inst.man_final\[16\],34.22µm
net335,34.18µm
_0420_,34.14µm
_0716_,34.04µm
_2713_,34.02µm
net601,34µm
_0489_,33.9µm
_0954_,33.9µm
_1102_,33.9µm
_3702_,33.88µm
_1505_,33.855µm
_0603_,33.82µm
_3713_,33.8µm
_1628_,33.77µm
_2710_,33.76µm
_3766_,33.74µm
net49,33.74µm
_3833_,33.64µm
_3375_,33.62µm
_1937_,33.6µm
_1070_,33.54µm
net43,33.54µm
adder_inst.exp_a_r\[5\],33.49µm
_0606_,33.48µm
_1249_,33.44µm
_2827_,33.4µm
adder_inst.i_b\[5\],33.38µm
_1772_,33.32µm
_2295_,33.3µm
_2010_,33.21µm
_1125_,33.2µm
_3099_,33.2µm
_0881_,33.06µm
_3947_,33.06µm
_0792_,33.02µm
_1939_,33µm
adder_inst.i_a\[13\],32.94µm
_2528_,32.92µm
_2491_,32.91µm
net854,32.88µm
_0832_,32.86µm
_0992_,32.84µm
_0066_,32.8µm
_3962_,32.76µm
_2874_,32.72µm
_1657_,32.62µm
_2046_,32.62µm
adder_inst.man_b_r\[12\],32.62µm
_0717_,32.6µm
_3344_,32.56µm
_2892_,32.54µm
_1600_,32.52µm
multiplier_inst.man_final\[11\],32.52µm
_3353_,32.42µm
_4421_,32.42µm
_3731_,32.4µm
mul_res\[30\],32.4µm
_1711_,32.3µm
_3538_,32.28µm
_1473_,32.22µm
_3041_,32.22µm
_4044_,32.22µm
_3223_,32.2µm
_1798_,32.16µm
_1973_,32.14µm
_1156_,32.12µm
_3981_,32.08µm
_4371_,31.98µm
_1967_,31.96µm
_4005_,31.92µm
_2730_,31.895µm
_3694_,31.88µm
_3851_,31.86µm
_1647_,31.82µm
_3463_,31.82µm
_2571_,31.8µm
_2250_,31.78µm
_2478_,31.76µm
multiplier_inst.man_final\[19\],31.7µm
net68,31.7µm
_1702_,31.68µm
_2110_,31.64µm
_3281_,31.58µm
_2390_,31.54µm
_3086_,31.45µm
_0957_,31.44µm
_4251_,31.38µm
_4102_,31.32µm
_3815_,31.26µm
_3867_,31.22µm
_4098_,31.13µm
_2902_,31.12µm
_0850_,31.085µm
_2337_,31.08µm
_0873_,31.06µm
_2038_,31.06µm
_4039_,30.96µm
_4339_,30.96µm
_0848_,30.92µm
_3745_,30.88µm
_1763_,30.86µm
_1350_,30.84µm
_3896_,30.82µm
multiplier_inst.man_final\[10\],30.8µm
_2016_,30.76µm
_3253_,30.76µm
_3526_,30.7µm
_2097_,30.64µm
_3002_,30.58µm
_1431_,30.52µm
_3079_,30.52µm
_1131_,30.5µm
_3393_,30.46µm
_0565_,30.42µm
_3432_,30.345µm
_3715_,30.34µm
_0531_,30.3µm
_2828_,30.3µm
_2555_,30.28µm
_4297_,30.28µm
net45,30.28µm
_0554_,30.26µm
_3043_,30.235µm
_1389_,30.22µm
_0572_,30.2µm
_0919_,30.16µm
_2611_,30.12µm
_3838_,30.12µm
_3960_,30.12µm
_1759_,30.08µm
_3159_,30.08µm
net473,30.08µm
_1638_,30.06µm
_3964_,30.06µm
_2732_,30.05µm
_1353_,30.04µm
_1708_,30.04µm
_0984_,29.98µm
_2757_,29.98µm
_4231_,29.96µm
_4095_,29.9µm
_1699_,29.88µm
_1509_,29.86µm
_1571_,29.84µm
_4067_,29.8µm
_2865_,29.78µm
_4200_,29.78µm
_3126_,29.76µm
net40,29.7µm
_2989_,29.54µm
_1874_,29.52µm
_0764_,29.5µm
adder_inst.i_a\[15\],29.5µm
_3290_,29.48µm
adder_inst.man_a_r\[21\],29.48µm
_1430_,29.46µm
_4082_,29.42µm
_0989_,29.38µm
_2492_,29.375µm
_1915_,29.36µm
_3218_,29.32µm
adder_inst.man_a_r\[15\],29.32µm
_3963_,29.3µm
_2468_,29.26µm
_0812_,29.24µm
_4483_,29.2µm
_1816_,29.18µm
multiplier_inst.man_final_r\[20\],29.18µm
net51,29.16µm
adder_inst.exp_a_r\[4\],29.155µm
_0858_,29.14µm
adder_inst.i_vld_r2,29.12µm
_1976_,29.04µm
_4269_,29.02µm
_4354_,29.02µm
_4272_,29µm
adder_inst.exp_b\[0\],29µm
_2182_,28.97µm
_2112_,28.94µm
_1448_,28.92µm
_1045_,28.9µm
_2193_,28.9µm
_3408_,28.9µm
_1747_,28.86µm
_2292_,28.85µm
_3199_,28.84µm
_3513_,28.74µm
adder_inst.exp_b\[4\],28.72µm
_2024_,28.66µm
_0509_,28.64µm
_1527_,28.64µm
_1828_,28.54µm
_0777_,28.48µm
_3326_,28.48µm
_3793_,28.42µm
_3845_,28.38µm
multiplier_inst.man_final\[3\],28.36µm
_0423_,28.34µm
_1880_,28.34µm
_1011_,28.28µm
_1148_,28.24µm
_2985_,28.22µm
_2517_,28.2µm
_4034_,28.2µm
_3974_,28.18µm
_2022_,28.08µm
_3976_,28.04µm
_3185_,28µm
_1162_,27.96µm
_1830_,27.96µm
_1510_,27.83µm
_1723_,27.8µm
_3327_,27.685µm
_4123_,27.67µm
_4536_,27.62µm
_2036_,27.6µm
_2073_,27.58µm
_2795_,27.54µm
_1700_,27.52µm
_2527_,27.46µm
_0575_,27.44µm
_2258_,27.42µm
_1806_,27.38µm
_2598_,27.34µm
_1620_,27.28µm
_3154_,27.28µm
_0899_,27.26µm
_3804_,27.22µm
_3927_,27.22µm
_1410_,27.2µm
_1572_,27.1µm
_4109_,27.1µm
_2553_,27.06µm
_2187_,27.02µm
_2901_,27µm
_1058_,26.96µm
_1269_,26.96µm
_1295_,26.96µm
_2043_,26.96µm
_3461_,26.94µm
net30,26.92µm
_4094_,26.905µm
adder_inst.i_b\[16\],26.9µm
_1642_,26.88µm
_1296_,26.86µm
_1733_,26.86µm
_1851_,26.82µm
_3304_,26.81µm
_0490_,26.78µm
_1742_,26.78µm
_2184_,26.78µm
_2835_,26.78µm
_2986_,26.74µm
_3993_,26.74µm
_4056_,26.7µm
_2776_,26.68µm
_1654_,26.67µm
clknet_leaf_10_clk,26.6µm
_2281_,26.56µm
_2433_,26.56µm
_1951_,26.54µm
_4342_,26.52µm
_2370_,26.46µm
_0659_,26.45µm
_2157_,26.45µm
_0674_,26.44µm
_2021_,26.44µm
_3284_,26.42µm
_1435_,26.4µm
_2550_,26.32µm
_2682_,26.3µm
_4033_,26.3µm
_1885_,26.26µm
_1650_,26.18µm
_4514_,26.14µm
_1056_,26.1µm
_3248_,26.1µm
_3386_,26.04µm
adder_inst.i_b\[18\],26µm
_1652_,25.96µm
_0761_,25.86µm
_2101_,25.85µm
_3148_,25.82µm
_3912_,25.78µm
_1800_,25.74µm
_1829_,25.72µm
_0673_,25.68µm
_1474_,25.68µm
_0499_,25.66µm
_0073_,25.64µm
_3026_,25.62µm
_3396_,25.605µm
_1385_,25.6µm
net602,25.58µm
_2081_,25.56µm
adder_inst.i_a\[11\],25.54µm
_4187_,25.5µm
_3243_,25.48µm
_2155_,25.44µm
_3470_,25.44µm
adder_inst.man_b_r\[20\],25.44µm
_2309_,25.36µm
net79,25.3µm
_2546_,25.27µm
_4088_,25.26µm
_3356_,25.22µm
_3626_,25.22µm
_4050_,25.22µm
_2239_,25.2µm
_2819_,25.2µm
_1126_,25.16µm
_3642_,25.14µm
_3830_,25.14µm
_4169_,25.12µm
_3121_,25.1µm
_2766_,25.08µm
_2882_,25.08µm
_0896_,25.06µm
net752,25.06µm
_2168_,25.04µm
mul_res\[12\],25.04µm
_3412_,25µm
_2477_,24.96µm
_3727_,24.96µm
_3933_,24.96µm
adder_inst.man_b\[23\],24.96µm
_1432_,24.94µm
_3991_,24.94µm
_4042_,24.94µm
_3391_,24.9µm
_4147_,24.9µm
net53,24.9µm
_2178_,24.88µm
_2792_,24.88µm
_3848_,24.88µm
_1276_,24.86µm
_3847_,24.84µm
_3127_,24.82µm
_3264_,24.82µm
_0514_,24.8µm
_1135_,24.8µm
_1906_,24.8µm
_1646_,24.78µm
_3314_,24.72µm
_3611_,24.72µm
_4458_,24.72µm
_0863_,24.68µm
_3019_,24.68µm
_3293_,24.66µm
_3719_,24.66µm
_3405_,24.64µm
_2071_,24.6µm
_2699_,24.6µm
_1253_,24.58µm
_3865_,24.58µm
_1619_,24.54µm
multiplier_inst.sign_res,24.52µm
adder_inst.exp_b\[1\],24.46µm
_3524_,24.44µm
_4146_,24.42µm
_4418_,24.42µm
_0778_,24.4µm
_3837_,24.39µm
_2150_,24.38µm
adder_inst.i_b\[11\],24.36µm
_4054_,24.34µm
_1476_,24.32µm
_4135_,24.32µm
mul_res\[13\],24.3µm
_2174_,24.26µm
_3883_,24.24µm
multiplier_inst.man_final_r\[19\],24.22µm
_2298_,24.18µm
net734,24.18µm
_0491_,24.13µm
_0851_,24.12µm
_1731_,24.12µm
_3860_,24.1µm
_4386_,24.06µm
_1618_,24.04µm
_3591_,24.04µm
_3676_,24.02µm
_4351_,24.02µm
_3164_,23.96µm
_0534_,23.94µm
_2232_,23.94µm
_4282_,23.92µm
_4173_,23.9µm
adder_inst.exp_a\[0\],23.9µm
_3399_,23.88µm
_0853_,23.86µm
_1336_,23.86µm
_2231_,23.84µm
_2349_,23.78µm
adder_inst.man_a_r\[14\],23.78µm
_1115_,23.76µm
adder_inst.i_a\[21\],23.76µm
_1140_,23.72µm
adder_inst.man_a_r\[19\],23.64µm
_0605_,23.6µm
_0661_,23.6µm
_0745_,23.6µm
_4225_,23.6µm
_0870_,23.56µm
_3081_,23.54µm
net581,23.52µm
_1655_,23.5µm
adder_inst.man_a_r\[18\],23.48µm
_2415_,23.46µm
_2029_,23.44µm
_4100_,23.44µm
_0964_,23.425µm
_1771_,23.42µm
_1922_,23.42µm
_3370_,23.42µm
_1468_,23.4µm
clknet_leaf_21_clk,23.38µm
_3298_,23.34µm
multiplier_inst.overflow_calc_r,23.32µm
_2898_,23.3µm
adder_inst.sum_raw_r\[19\],23.3µm
_2229_,23.26µm
_2240_,23.26µm
_1513_,23.24µm
_0790_,23.18µm
_2310_,23.18µm
_4110_,23.14µm
_2004_,23.13µm
_1279_,23.12µm
net600,23.1µm
_2978_,23.045µm
_0912_,22.98µm
_3955_,22.98µm
_3474_,22.965µm
_1351_,22.96µm
_1764_,22.96µm
_3763_,22.96µm
_2490_,22.94µm
_4140_,22.93µm
_1034_,22.9µm
_3756_,22.9µm
_3901_,22.895µm
_1475_,22.88µm
net561,22.88µm
_4503_,22.86µm
multiplier_inst.man_final_r\[13\],22.86µm
_2810_,22.84µm
_4449_,22.84µm
net631,22.8µm
_0581_,22.78µm
_1508_,22.76µm
_1592_,22.76µm
multiplier_inst.exp_final\[1\],22.76µm
_3675_,22.74µm
_3663_,22.705µm
_1855_,22.7µm
_0894_,22.68µm
_1170_,22.68µm
_3954_,22.64µm
_0871_,22.62µm
_2091_,22.62µm
_3351_,22.62µm
_3653_,22.6µm
_2316_,22.58µm
_1284_,22.56µm
_2683_,22.56µm
_3931_,22.55µm
_2121_,22.545µm
adder_inst.exp_a_r\[7\],22.54µm
_2586_,22.52µm
_3311_,22.52µm
_3714_,22.52µm
_2041_,22.5µm
_2616_,22.5µm
_3003_,22.46µm
_3230_,22.46µm
_2026_,22.4µm
_0897_,22.38µm
_3076_,22.38µm
_3583_,22.38µm
_1969_,22.36µm
_4534_,22.36µm
_1858_,22.34µm
_3990_,22.3µm
_2348_,22.26µm
_1074_,22.24µm
net132,22.24µm
_3662_,22.22µm
_4018_,22.22µm
adder_inst.is_inf_a_r,22.2µm
_1071_,22.165µm
_1334_,22.16µm
_4071_,22.14µm
_1382_,22.12µm
_0979_,22.1µm
_1316_,22.1µm
_1956_,22.1µm
_4079_,22.055µm
_1335_,22.04µm
_3657_,22.04µm
_1883_,22.02µm
_1480_,22µm
_2301_,22µm
_1791_,21.98µm
_1617_,21.96µm
_0779_,21.94µm
_2103_,21.94µm
_4522_,21.94µm
net56,21.94µm
_3670_,21.92µm
_4177_,21.92µm
multiplier_inst.man_final_r\[15\],21.9µm
_0067_,21.88µm
_1863_,21.88µm
_4383_,21.88µm
adder_inst.exp_a\[4\],21.88µm
net61,21.88µm
_3020_,21.86µm
_2918_,21.82µm
multiplier_inst.exp_final\[4\],21.8µm
_3926_,21.76µm
net592,21.76µm
_2294_,21.74µm
_3220_,21.7µm
_4170_,21.7µm
_3233_,21.68µm
_3240_,21.68µm
_0464_,21.66µm
_3165_,21.66µm
_4235_,21.66µm
_0763_,21.64µm
_3279_,21.64µm
_2836_,21.56µm
_0920_,21.54µm
adder_inst.i_a\[0\],21.52µm
_0620_,21.46µm
_2242_,21.39µm
_2642_,21.39µm
_2409_,21.38µm
_3870_,21.38µm
_3952_,21.375µm
_1235_,21.35µm
_3664_,21.34µm
_3638_,21.32µm
net568,21.31µm
_2456_,21.27µm
_1369_,21.24µm
_1529_,21.22µm
_4127_,21.22µm
multiplier_inst.exp_final_r\[2\],21.22µm
_0059_,21.2µm
_2392_,21.2µm
_3097_,21.2µm
_3517_,21.2µm
_2015_,21.18µm
_3065_,21.18µm
net48,21.17µm
_2473_,21.16µm
_2410_,21.125µm
adder_inst.exp_a\[1\],21.12µm
multiplier_inst.exp_final\[5\],21.12µm
_3892_,21.1µm
_3973_,21.1µm
_1960_,21.08µm
_2972_,21.045µm
_1706_,21.04µm
_3595_,21.04µm
_4373_,21.04µm
_1437_,20.98µm
_0671_,20.96µm
_0453_,20.92µm
net567,20.9µm
_2007_,20.88µm
_0987_,20.82µm
_4096_,20.8µm
_0545_,20.78µm
_4058_,20.76µm
_4010_,20.74µm
_2875_,20.66µm
_2291_,20.6µm
_0967_,20.56µm
_3646_,20.56µm
_2954_,20.54µm
_3089_,20.54µm
_1105_,20.52µm
_0591_,20.48µm
_3241_,20.48µm
_3277_,20.48µm
_4139_,20.48µm
_2834_,20.46µm
_1313_,20.4µm
_1317_,20.4µm
_3140_,20.4µm
_2971_,20.36µm
_3129_,20.36µm
_1546_,20.28µm
_1904_,20.28µm
_2631_,20.26µm
_3849_,20.24µm
_4305_,20.24µm
_2400_,20.2µm
_3250_,20.2µm
_0590_,20.16µm
_2099_,20.16µm
_3483_,20.135µm
adder_inst.sum_raw_r\[20\],20.12µm
_0025_,20.1µm
_2120_,20.1µm
_3378_,20.1µm
_2849_,20.08µm
_1258_,20.06µm
_1012_,20.04µm
_0068_,19.98µm
_0600_,19.98µm
_4504_,19.98µm
net823,19.98µm
multiplier_inst.exp_final_r\[0\],19.94µm
_3157_,19.92µm
_2060_,19.9µm
_3799_,19.9µm
adder_inst.man_b_r\[13\],19.9µm
_1406_,19.88µm
_3911_,19.88µm
adder_inst.exp_b_r\[6\],19.88µm
_2262_,19.87µm
_1575_,19.86µm
_0640_,19.84µm
adder_inst.exp_a\[3\],19.82µm
_3946_,19.8µm
_4398_,19.78µm
_0443_,19.74µm
_1416_,19.74µm
_3208_,19.74µm
i_a[23],19.74µm
net54,19.74µm
net57,19.74µm
_1167_,19.705µm
_1119_,19.64µm
_1801_,19.64µm
_3299_,19.63µm
_3687_,19.62µm
_4053_,19.61µm
_1018_,19.6µm
_2089_,19.6µm
_3859_,19.58µm
_4153_,19.57µm
_1857_,19.54µm
_2500_,19.54µm
adder_inst.sum_raw\[24\],19.54µm
_1852_,19.5µm
_0806_,19.44µm
_1222_,19.44µm
_0444_,19.36µm
_3936_,19.3µm
_0955_,19.26µm
_3153_,19.24µm
_1930_,19.2µm
_2042_,19.2µm
_3204_,19.2µm
_2913_,19.18µm
_3191_,19.18µm
_3903_,19.18µm
_1079_,19.16µm
_4108_,19.14µm
net827,19.14µm
_1914_,19.12µm
_1291_,19.1µm
_0553_,19.08µm
_1078_,19.08µm
_1608_,19.08µm
_1760_,19.08µm
_1439_,19.075µm
_2623_,19.06µm
_3374_,19.06µm
_4025_,19.06µm
net59,19.06µm
_1810_,19.04µm
adder_inst.man_b_r\[10\],19.04µm
_0744_,19µm
_1585_,19µm
_2534_,18.98µm
_3098_,18.96µm
_1528_,18.94µm
_3149_,18.94µm
_3861_,18.94µm
_4020_,18.94µm
_1750_,18.92µm
_4064_,18.92µm
_0657_,18.9µm
_1736_,18.86µm
_0669_,18.8µm
_1240_,18.78µm
_1775_,18.78µm
net645,18.78µm
_1098_,18.74µm
_3278_,18.74µm
_4472_,18.74µm
adder_inst.exp_b\[7\],18.74µm
_0765_,18.72µm
_0508_,18.7µm
_0027_,18.68µm
_2075_,18.66µm
_2244_,18.66µm
_1059_,18.635µm
_2597_,18.6µm
_2789_,18.6µm
_3589_,18.6µm
_0950_,18.58µm
_3880_,18.58µm
_0840_,18.57µm
_1715_,18.56µm
_1766_,18.56µm
_2087_,18.54µm
_0426_,18.52µm
_3596_,18.52µm
_3918_,18.52µm
_2960_,18.5µm
net550,18.5µm
_1377_,18.48µm
_1999_,18.48µm
_2025_,18.48µm
_2202_,18.48µm
net87,18.46µm
_1805_,18.44µm
_4012_,18.44µm
net642,18.44µm
_2719_,18.42µm
_3617_,18.4µm
adder_inst.sum_raw_r\[24\],18.4µm
_3758_,18.39µm
_4457_,18.38µm
net849,18.38µm
_1027_,18.36µm
_1099_,18.34µm
_2418_,18.34µm
_1721_,18.33µm
_3144_,18.32µm
_0571_,18.31µm
_1943_,18.3µm
adder_inst.exp_b\[2\],18.3µm
_3661_,18.28µm
_0589_,18.26µm
_1779_,18.26µm
_4121_,18.26µm
_0701_,18.24µm
_2439_,18.24µm
_3609_,18.24µm
_3286_,18.23µm
_1094_,18.2µm
net738,18.2µm
_1452_,18.18µm
_2868_,18.16µm
adder_inst.man_b_r\[3\],18.14µm
_1414_,18.12µm
_1206_,18.1µm
_1550_,18.1µm
_2480_,18.1µm
_2803_,18.1µm
_0558_,18.08µm
_1752_,18.04µm
net685,18.04µm
_0576_,18.02µm
_2384_,18.02µm
_3544_,18.02µm
_0699_,18.01µm
_0683_,18µm
_1281_,17.98µm
_3105_,17.98µm
_3857_,17.98µm
_0660_,17.96µm
_2358_,17.96µm
_2787_,17.94µm
_4221_,17.94µm
_2054_,17.92µm
_2633_,17.92µm
_1381_,17.9µm
_2983_,17.9µm
_3757_,17.9µm
_1021_,17.88µm
_1384_,17.88µm
net552,17.88µm
net852,17.88µm
_3967_,17.86µm
_1824_,17.84µm
_3889_,17.835µm
_2445_,17.82µm
_2127_,17.815µm
_2958_,17.775µm
_2644_,17.76µm
_4396_,17.76µm
_1920_,17.74µm
_3811_,17.74µm
_0874_,17.72µm
_4016_,17.72µm
_4551_,17.72µm
_0849_,17.7µm
_0914_,17.7µm
_3433_,17.7µm
_0446_,17.66µm
_1216_,17.64µm
_2888_,17.64µm
_3389_,17.64µm
_3718_,17.64µm
net102,17.64µm
_4047_,17.605µm
_0653_,17.6µm
_1974_,17.6µm
_3778_,17.6µm
_0825_,17.58µm
_1606_,17.58µm
_1463_,17.56µm
_2442_,17.56µm
_2612_,17.56µm
_2735_,17.56µm
_3443_,17.56µm
_1778_,17.52µm
_2897_,17.52µm
_3819_,17.52µm
adder_inst.i_a\[6\],17.52µm
_2297_,17.455µm
adder_inst.sign_a_r,17.44µm
_3522_,17.42µm
_3639_,17.42µm
_1292_,17.4µm
_2434_,17.4µm
_3251_,17.4µm
_0839_,17.37µm
_4260_,17.36µm
_2727_,17.35µm
_0011_,17.34µm
_2179_,17.34µm
_3288_,17.34µm
_3506_,17.34µm
_3401_,17.32µm
adder_inst.i_b\[2\],17.32µm
net27,17.3µm
_2346_,17.28µm
_4065_,17.26µm
_1096_,17.24µm
_2601_,17.24µm
_3136_,17.24µm
_4258_,17.22µm
_1033_,17.2µm
_1231_,17.16µm
_0875_,17.14µm
_2096_,17.12µm
_3038_,17.12µm
adder_inst.exp_a\[2\],17.12µm
_2802_,17.1µm
_3761_,17.1µm
_0623_,17.06µm
_1199_,17.06µm
_1537_,17.06µm
net118,17.06µm
_1651_,17.05µm
_1663_,17.04µm
_3696_,17.02µm
_3795_,17.02µm
adder_inst.man_b_r\[11\],17.02µm
net751,17.02µm
_2092_,17µm
_1117_,16.98µm
_2115_,16.98µm
_3007_,16.98µm
_4494_,16.98µm
_2767_,16.96µm
_1429_,16.94µm
_3010_,16.94µm
_4072_,16.94µm
_1151_,16.9µm
_2371_,16.88µm
_3114_,16.88µm
_2012_,16.86µm
_2215_,16.86µm
mul_res\[21\],16.86µm
_0785_,16.855µm
_0459_,16.84µm
_1442_,16.84µm
_3190_,16.82µm
adder_inst.i_a\[16\],16.82µm
net660,16.82µm
_0626_,16.81µm
_2833_,16.8µm
net44,16.8µm
_1864_,16.78µm
_3755_,16.78µm
_3928_,16.78µm
_1075_,16.76µm
_2575_,16.76µm
_0422_,16.74µm
_0862_,16.735µm
_1574_,16.72µm
_2606_,16.72µm
_3780_,16.72µm
_4160_,16.72µm
_4538_,16.72µm
_1639_,16.68µm
_3305_,16.68µm
_2609_,16.66µm
_3932_,16.66µm
_0595_,16.64µm
_3160_,16.64µm
_3210_,16.64µm
_1303_,16.62µm
_2890_,16.6µm
_3721_,16.6µm
_0593_,16.58µm
_1069_,16.56µm
_1826_,16.48µm
_2246_,16.48µm
_2308_,16.48µm
_2826_,16.48µm
_3489_,16.48µm
adder_inst.man_b_r\[16\],16.46µm
_1774_,16.45µm
_1409_,16.44µm
_1802_,16.44µm
_1938_,16.44µm
_2519_,16.44µm
_4352_,16.44µm
_4355_,16.44µm
add_res\[31\],16.44µm
net753,16.44µm
_1862_,16.43µm
_0970_,16.4µm
_1521_,16.36µm
_1568_,16.36µm
_2587_,16.36µm
_2984_,16.36µm
net147,16.36µm
_1363_,16.32µm
_0822_,16.3µm
_3178_,16.29µm
_2942_,16.28µm
_3023_,16.28µm
_0888_,16.27µm
_0454_,16.26µm
_2497_,16.26µm
_4176_,16.26µm
_0016_,16.22µm
_1808_,16.22µm
net15,16.22µm
net662,16.22µm
_3995_,16.215µm
_1882_,16.2µm
_1493_,16.18µm
_3092_,16.18µm
_3917_,16.18µm
_2844_,16.17µm
_2177_,16.16µm
_2440_,16.16µm
_3762_,16.16µm
_3945_,16.16µm
_3984_,16.16µm
_4038_,16.16µm
_0447_,16.14µm
_0526_,16.14µm
_0751_,16.14µm
_1190_,16.14µm
_3712_,16.14µm
_4261_,16.1µm
_0478_,16.08µm
_3894_,16.08µm
net90,16.08µm
_0421_,16.06µm
_1169_,16.06µm
_3390_,16.04µm
_3736_,16.04µm
multiplier_inst.exp_final\[7\],16.04µm
_1301_,16.02µm
_0037_,15.98µm
_1338_,15.98µm
_2171_,15.975µm
_1713_,15.96µm
_1076_,15.94µm
_1315_,15.94µm
_1602_,15.94µm
_1896_,15.94µm
_2926_,15.94µm
_3068_,15.94µm
_3123_,15.94µm
net644,15.94µm
_1339_,15.92µm
_2070_,15.92µm
_3343_,15.92µm
_4414_,15.92µm
_4487_,15.92µm
_2578_,15.9µm
_2871_,15.9µm
_1444_,15.88µm
_4322_,15.88µm
net31,15.88µm
net750,15.88µm
_1342_,15.86µm
_4542_,15.86µm
_0689_,15.84µm
_1998_,15.84µm
net741,15.84µm
_0926_,15.82µm
_1579_,15.82µm
_1740_,15.82µm
_2449_,15.82µm
_2974_,15.82µm
_4317_,15.82µm
_2153_,15.8µm
_3411_,15.8µm
_2841_,15.76µm
_1036_,15.74µm
_1107_,15.74µm
_2129_,15.74µm
_4500_,15.74µm
_1002_,15.72µm
_2684_,15.72µm
_3077_,15.72µm
_3688_,15.72µm
_4529_,15.72µm
_3853_,15.7µm
_3879_,15.7µm
_3700_,15.68µm
_4470_,15.68µm
_1901_,15.64µm
net748,15.625µm
_0520_,15.62µm
_0598_,15.6µm
_0632_,15.6µm
_0722_,15.6µm
_1271_,15.59µm
_0052_,15.58µm
_2981_,15.58µm
_2715_,15.56µm
_3764_,15.56µm
_1533_,15.54µm
_2700_,15.54µm
_4174_,15.53µm
_2402_,15.52µm
adder_inst.exp_a\[6\],15.5µm
_1285_,15.48µm
_1613_,15.48µm
_0866_,15.46µm
_2646_,15.46µm
net763,15.46µm
_1660_,15.44µm
_3307_,15.44µm
_3332_,15.44µm
net650,15.44µm
_1957_,15.43µm
_4204_,15.42µm
_2111_,15.4µm
_2394_,15.4µm
_3323_,15.4µm
_0719_,15.38µm
_2208_,15.38µm
_4428_,15.38µm
adder_inst.i_vld,15.38µm
_2373_,15.36µm
_2635_,15.34µm
_2651_,15.34µm
_3434_,15.34µm
_0902_,15.32µm
_2743_,15.32µm
adder_inst.i_a\[18\],15.32µm
_0449_,15.3µm
_1246_,15.3µm
_1504_,15.3µm
_2207_,15.3µm
_3202_,15.3µm
_1314_,15.26µm
_2002_,15.26µm
_4052_,15.245µm
_1636_,15.24µm
_2057_,15.24µm
adder_inst.i_b\[21\],15.22µm
_1517_,15.2µm
_0495_,15.18µm
_0786_,15.18µm
_1333_,15.18µm
_2496_,15.18µm
_4201_,15.18µm
_0582_,15.14µm
_1228_,15.14µm
_2401_,15.14µm
_3310_,15.14µm
adder_inst.man_b_r\[6\],15.14µm
_0958_,15.12µm
_4036_,15.1µm
_4046_,15.1µm
adder_inst.i_b\[20\],15.1µm
_3996_,15.095µm
_1226_,15.08µm
_3982_,15.08µm
_0910_,15.06µm
_4387_,15.06µm
_4433_,15.06µm
multiplier_inst.man_final\[13\],15.06µm
_2929_,15.04µm
net34,15.04µm
_0628_,15.02µm
_1139_,15.02µm
_1710_,15.02µm
_3485_,15.02µm
_3783_,15.02µm
_0983_,15µm
_2520_,15µm
_2746_,15µm
_2154_,14.98µm
_2801_,14.98µm
net9,14.98µm
_1875_,14.95µm
_2790_,14.945µm
_0859_,14.94µm
_0900_,14.94µm
_1465_,14.94µm
_3419_,14.94µm
_3245_,14.93µm
_1818_,14.92µm
_1984_,14.92µm
adder_inst.sum_raw\[15\],14.92µm
_0515_,14.9µm
_2556_,14.9µm
_4496_,14.9µm
_0002_,14.88µm
_2853_,14.88µm
_2996_,14.88µm
_2130_,14.87µm
_0532_,14.86µm
_0929_,14.86µm
_1092_,14.86µm
_1290_,14.86µm
_0829_,14.84µm
_0865_,14.84µm
_1514_,14.84µm
_2661_,14.84µm
adder_inst.i_b\[9\],14.84µm
_2938_,14.82µm
_2436_,14.8µm
_2947_,14.8µm
adder_inst.i_b\[14\],14.8µm
_4349_,14.78µm
net821,14.78µm
_3891_,14.745µm
_0907_,14.74µm
_0438_,14.72µm
_0720_,14.72µm
_1726_,14.72µm
_1789_,14.72µm
_3291_,14.72µm
_4023_,14.72µm
_0681_,14.7µm
_1819_,14.7µm
_3158_,14.7µm
_0055_,14.68µm
_1340_,14.68µm
_2228_,14.68µm
_2953_,14.68µm
adder_inst.i_b\[17\],14.68µm
_1060_,14.66µm
_1168_,14.66µm
_1860_,14.66µm
_2493_,14.66µm
_2671_,14.66µm
_2718_,14.66µm
_2867_,14.63µm
_3789_,14.62µm
_3978_,14.6µm
_4279_,14.6µm
_3444_,14.58µm
_1854_,14.56µm
_1991_,14.56µm
_2165_,14.56µm
_3697_,14.56µm
multiplier_inst.man_final_r\[12\],14.56µm
_2771_,14.53µm
_0718_,14.52µm
_1497_,14.5µm
net24,14.5µm
_0750_,14.48µm
_1538_,14.48µm
_2069_,14.48µm
_4219_,14.48µm
_0823_,14.46µm
_4193_,14.46µm
_2821_,14.455µm
_2467_,14.44µm
_3266_,14.44µm
_3673_,14.44µm
_3796_,14.44µm
_0009_,14.42µm
_0668_,14.42µm
_2412_,14.42µm
_2881_,14.42µm
_3554_,14.42µm
_1245_,14.4µm
_2716_,14.4µm
_1887_,14.38µm
_3018_,14.38µm
_1326_,14.36µm
_2095_,14.34µm
_2962_,14.34µm
_3049_,14.34µm
_0507_,14.32µm
_0521_,14.32µm
_0799_,14.32µm
_1210_,14.32µm
_1470_,14.32µm
_0913_,14.3µm
_1155_,14.3µm
_2544_,14.3µm
_2945_,14.295µm
_2037_,14.28µm
_1696_,14.26µm
adder_inst.i_b\[3\],14.26µm
_1605_,14.24µm
_1023_,14.22µm
_1421_,14.22µm
_1691_,14.22µm
_1859_,14.22µm
_1931_,14.22µm
multiplier_inst.man_final\[12\],14.22µm
_1280_,14.21µm
_4268_,14.2µm
_2930_,14.18µm
_1905_,14.16µm
_0093_,14.14µm
_0496_,14.14µm
_0536_,14.14µm
_0682_,14.14µm
_1039_,14.14µm
_1753_,14.14µm
_4183_,14.12µm
_0760_,14.11µm
_1289_,14.1µm
_1563_,14.1µm
_3221_,14.1µm
_3318_,14.1µm
_1455_,14.08µm
_2377_,14.08µm
_0556_,14.06µm
_0724_,14.06µm
_0996_,14.06µm
_2545_,14.02µm
_3247_,14.02µm
net692,14.02µm
_2198_,14.01µm
_0557_,14µm
_1375_,14µm
_3322_,14µm
_3497_,13.98µm
_1884_,13.96µm
_4083_,13.96µm
_0971_,13.92µm
_1662_,13.92µm
_1551_,13.88µm
_1989_,13.88µm
_2608_,13.88µm
_2910_,13.88µm
_3632_,13.88µm
_3186_,13.87µm
_2533_,13.845µm
_1645_,13.84µm
adder_inst.i_a\[9\],13.84µm
_1888_,13.82µm
_0696_,13.8µm
_1364_,13.8µm
_2365_,13.8µm
_3162_,13.8µm
_0852_,13.78µm
_1694_,13.77µm
_1718_,13.76µm
_2199_,13.76µm
_2558_,13.76µm
_2946_,13.76µm
net39,13.76µm
_3289_,13.74µm
_4159_,13.74µm
mul_res\[18\],13.74µm
_1865_,13.72µm
_2397_,13.72µm
_4074_,13.72µm
_1668_,13.68µm
_2119_,13.68µm
_2975_,13.68µm
_2333_,13.66µm
_1174_,13.64µm
_1402_,13.64µm
_1768_,13.64µm
_2982_,13.64µm
_3198_,13.64µm
_4024_,13.64µm
_4055_,13.64µm
adder_inst.man_a_r\[13\],13.64µm
_0559_,13.625µm
_2692_,13.62µm
net60,13.62µm
_1042_,13.6µm
_2488_,13.6µm
_3373_,13.6µm
_4111_,13.6µm
_0906_,13.58µm
_2114_,13.58µm
_2224_,13.58µm
_0915_,13.56µm
_1251_,13.56µm
_2290_,13.56µm
_2443_,13.56µm
_3669_,13.56µm
_1441_,13.54µm
_3046_,13.54µm
_3254_,13.54µm
_3808_,13.54µm
adder_inst.exp_b\[6\],13.54µm
_1357_,13.52µm
_1893_,13.52µm
_2976_,13.52µm
_1192_,13.5µm
_2161_,13.5µm
_2814_,13.5µm
adder_inst.i_a\[20\],13.5µm
adder_inst.is_inf_r,13.5µm
net18,13.5µm
net744,13.5µm
_1298_,13.48µm
_1404_,13.48µm
_1456_,13.48µm
_1299_,13.46µm
_1358_,13.44µm
_0738_,13.42µm
_1009_,13.42µm
_3283_,13.42µm
_3985_,13.42µm
_2146_,13.41µm
_1106_,13.4µm
_1239_,13.4µm
_1741_,13.4µm
_2307_,13.4µm
_2413_,13.4µm
_3282_,13.4µm
_1275_,13.38µm
_1539_,13.38µm
_3174_,13.38µm
_1379_,13.36µm
_1831_,13.36µm
_2607_,13.36µm
net64,13.345µm
_1889_,13.34µm
_2113_,13.34µm
_2530_,13.34µm
_3155_,13.34µm
_4394_,13.34µm
_0838_,13.32µm
_2504_,13.32µm
adder_inst.sum_raw\[13\],13.32µm
net836,13.32µm
_3924_,13.315µm
_2339_,13.305µm
_1684_,13.3µm
_1983_,13.3µm
_3071_,13.3µm
_3255_,13.3µm
_4344_,13.3µm
_1825_,13.28µm
_2444_,13.26µm
_1631_,13.24µm
_0477_,13.22µm
_1469_,13.22µm
_2471_,13.195µm
_4438_,13.195µm
_2149_,13.19µm
_3119_,13.18µm
_2222_,13.16µm
_3100_,13.16µm
_4104_,13.16µm
_0607_,13.14µm
_2183_,13.14µm
_2369_,13.14µm
_1714_,13.135µm
_3184_,13.12µm
_2502_,13.11µm
_1267_,13.1µm
_1436_,13.1µm
_2152_,13.1µm
_3192_,13.09µm
_2200_,13.08µm
_2969_,13.08µm
_3834_,13.08µm
_3934_,13.08µm
o_res_vld,13.08µm
net743,13.08µm
_0630_,13.06µm
_1217_,13.06µm
_4293_,13.06µm
_0614_,13.04µm
_1374_,13.04µm
_2389_,13.04µm
_3843_,13.04µm
_0463_,13.03µm
_1672_,13.02µm
_2191_,13.02µm
_3980_,13.02µm
_0768_,13µm
_3224_,13µm
multiplier_inst.exp_final\[0\],12.995µm
_3460_,12.98µm
_1108_,12.96µm
_1640_,12.96µm
_1959_,12.96µm
_3439_,12.96µm
_3818_,12.96µm
_4214_,12.96µm
net725,12.96µm
_0884_,12.94µm
_0937_,12.94µm
_1293_,12.94µm
_2086_,12.94µm
_3733_,12.94µm
_2777_,12.92µm
_4340_,12.92µm
_0455_,12.9µm
_2463_,12.9µm
_0933_,12.88µm
_1061_,12.88µm
_1483_,12.88µm
_1603_,12.88µm
_2932_,12.88µm
_3551_,12.88µm
_1091_,12.86µm
_1188_,12.86µm
_2751_,12.86µm
_2211_,12.84µm
_4348_,12.84µm
_1408_,12.82µm
_1386_,12.8µm
_3971_,12.8µm
_4481_,12.8µm
_1545_,12.78µm
_0419_,12.76µm
net28,12.74µm
net12,12.725µm
_2052_,12.72µm
_2769_,12.72µm
net647,12.72µm
_0051_,12.7µm
_0057_,12.7µm
_0944_,12.7µm
_1716_,12.7µm
_3036_,12.7µm
_0932_,12.685µm
_4335_,12.68µm
_0813_,12.66µm
_1549_,12.64µm
_4408_,12.64µm
_1481_,12.62µm
_1664_,12.62µm
_2055_,12.62µm
_3827_,12.62µm
net745,12.62µm
_0635_,12.6µm
_0883_,12.6µm
_4397_,12.6µm
_1073_,12.58µm
_3272_,12.58µm
_3899_,12.58µm
net74,12.58µm
net76,12.58µm
net94,12.58µm
_1088_,12.57µm
_1089_,12.56µm
_1171_,12.56µm
_1548_,12.54µm
_3001_,12.54µm
_1944_,12.52µm
_2466_,12.52µm
_2584_,12.52µm
_1792_,12.5µm
_1895_,12.5µm
_2695_,12.5µm
_2734_,12.5µm
net21,12.5µm
_1879_,12.495µm
_3822_,12.49µm
_0497_,12.48µm
_1349_,12.48µm
_2510_,12.48µm
_3743_,12.48µm
_4410_,12.48µm
_0936_,12.46µm
_0938_,12.46µm
_1693_,12.46µm
_1965_,12.46µm
_2180_,12.46µm
_2903_,12.46µm
_3442_,12.46µm
_3690_,12.46µm
_3169_,12.44µm
_2001_,12.425µm
_1751_,12.42µm
_1932_,12.42µm
_2098_,12.42µm
_2276_,12.42µm
_2446_,12.42µm
_2664_,12.42µm
_4220_,12.42µm
_4280_,12.42µm
_0700_,12.4µm
_0793_,12.4µm
_0962_,12.38µm
_0991_,12.36µm
_2516_,12.36µm
_3261_,12.36µm
_1834_,12.345µm
_1813_,12.34µm
_2728_,12.34µm
_4116_,12.34µm
_4419_,12.33µm
_0641_,12.32µm
_1629_,12.32µm
_2048_,12.32µm
_2079_,12.32µm
_3101_,12.32µm
_4230_,12.3µm
_3622_,12.28µm
_0814_,12.26µm
_1687_,12.26µm
_2879_,12.26µm
_3021_,12.26µm
_0567_,12.24µm
_0908_,12.24µm
_2704_,12.24µm
net742,12.24µm
_3846_,12.23µm
_1304_,12.22µm
_1597_,12.22µm
_1720_,12.22µm
_2395_,12.22µm
_0703_,12.2µm
_3269_,12.2µm
_3989_,12.2µm
_0530_,12.195µm
_3056_,12.185µm
_0480_,12.18µm
_0977_,12.18µm
_1229_,12.18µm
_2269_,12.18µm
_2396_,12.18µm
_4022_,12.18µm
_1025_,12.16µm
_2102_,12.16µm
_2303_,12.16µm
_0664_,12.14µm
_1577_,12.14µm
_0610_,12.12µm
_1149_,12.12µm
_1396_,12.12µm
_2271_,12.12µm
_2328_,12.12µm
_3182_,12.12µm
_4037_,12.115µm
_0678_,12.08µm
_0956_,12.08µm
_1971_,12.08µm
_2213_,12.08µm
_3168_,12.08µm
_3262_,12.08µm
_4234_,12.08µm
_2082_,12.07µm
_0102_,12.06µm
_0901_,12.06µm
_0828_,12.055µm
_0708_,12.04µm
net593,12.04µm
_1308_,12.02µm
_3782_,12.02µm
_0798_,12µm
_1020_,12µm
_2126_,12µm
_2438_,12µm
_3825_,11.995µm
_0435_,11.96µm
_1047_,11.96µm
_1841_,11.96µm
_2270_,11.96µm
_2538_,11.96µm
_2604_,11.96µm
_3534_,11.96µm
_3779_,11.96µm
adder_inst.i_b\[15\],11.96µm
_1367_,11.94µm
_2581_,11.94µm
i_b[17],11.93µm
_0466_,11.92µm
_0815_,11.92µm
_1323_,11.92µm
_2483_,11.92µm
_4049_,11.92µm
_4178_,11.92µm
_4493_,11.92µm
_4556_,11.92µm
adder_inst.i_a\[22\],11.92µm
i_a[11],11.92µm
i_a[13],11.92µm
i_a[24],11.92µm
i_a[25],11.92µm
i_a[26],11.92µm
i_a[27],11.92µm
i_a[28],11.92µm
i_a[30],11.92µm
i_a[31],11.92µm
i_b[23],11.92µm
i_b[25],11.92µm
i_b[26],11.92µm
i_b[28],11.92µm
i_b[29],11.92µm
i_b[30],11.92µm
i_b[31],11.92µm
_1611_,11.9µm
_2839_,11.9µm
_1928_,11.88µm
_2378_,11.88µm
_3268_,11.88µm
_3659_,11.88µm
_4426_,11.88µm
_2943_,11.875µm
adder_inst.i_b\[4\],11.86µm
_1482_,11.84µm
_3683_,11.84µm
_3744_,11.84µm
_0028_,11.82µm
_1776_,11.82µm
_2992_,11.82µm
_3106_,11.82µm
_0647_,11.8µm
_0650_,11.8µm
_1950_,11.8µm
_2391_,11.8µm
_2450_,11.8µm
_3285_,11.8µm
_1268_,11.79µm
_2621_,11.78µm
_3514_,11.78µm
_4060_,11.78µm
_4107_,11.78µm
_0621_,11.76µm
_1542_,11.76µm
_1728_,11.76µm
_1223_,11.74µm
_1464_,11.74µm
_2074_,11.74µm
adder_inst.i_a\[7\],11.74µm
_0723_,11.72µm
_1773_,11.72µm
_2005_,11.72µm
_2485_,11.72µm
_3116_,11.72µm
_3451_,11.72µm
_0018_,11.7µm
_1085_,11.7µm
_3380_,11.7µm
_3496_,11.7µm
_2536_,11.68µm
_4132_,11.68µm
_0655_,11.66µm
_0833_,11.66µm
_0952_,11.66µm
_1224_,11.66µm
_1933_,11.66µm
_2088_,11.66µm
adder_inst.i_a\[2\],11.66µm
_0547_,11.64µm
_1185_,11.64µm
_2044_,11.64µm
_0544_,11.62µm
_1191_,11.62µm
_2135_,11.62µm
_1403_,11.6µm
_1512_,11.6µm
_2805_,11.6µm
_3349_,11.6µm
_0685_,11.58µm
_1835_,11.58µm
_2423_,11.58µm
_2759_,11.58µm
_0492_,11.56µm
_1451_,11.56µm
_2634_,11.56µm
_3309_,11.56µm
_3854_,11.56µm
_0869_,11.54µm
_1968_,11.54µm
_2077_,11.54µm
clknet_leaf_12_clk,11.54µm
_0808_,11.52µm
_1067_,11.52µm
_0729_,11.5µm
_0810_,11.5µm
_1680_,11.5µm
_2432_,11.5µm
_2811_,11.5µm
_0728_,11.46µm
_2712_,11.46µm
_3113_,11.46µm
_3771_,11.46µm
_3869_,11.46µm
_4213_,11.46µm
i_b[24],11.46µm
_2421_,11.45µm
_3803_,11.425µm
_0622_,11.42µm
_2417_,11.42µm
_1746_,11.405µm
_1926_,11.38µm
_2083_,11.38µm
_0916_,11.36µm
_1552_,11.36µm
_2840_,11.36µm
_3430_,11.36µm
_4157_,11.36µm
i_a[18],11.35µm
_0460_,11.34µm
_1257_,11.34µm
_1695_,11.34µm
_2524_,11.34µm
_2567_,11.34µm
_3738_,11.34µm
_0675_,11.32µm
_2169_,11.32µm
_3706_,11.32µm
_4092_,11.32µm
_2813_,11.3µm
_3062_,11.3µm
_3685_,11.3µm
_4491_,11.3µm
_1927_,11.29µm
_2050_,11.28µm
_2366_,11.28µm
_3535_,11.28µm
_1796_,11.275µm
_4420_,11.26µm
_1659_,11.24µm
_2848_,11.24µm
_4247_,11.24µm
adder_inst.i_b\[1\],11.24µm
mul_res\[17\],11.24µm
mul_res\[24\],11.24µm
_0680_,11.22µm
_1159_,11.22µm
_1594_,11.22µm
_2688_,11.22µm
_4510_,11.22µm
_4329_,11.21µm
_0488_,11.2µm
_2381_,11.2µm
_0805_,11.18µm
_1734_,11.18µm
_2793_,11.18µm
_1610_,11.16µm
_1853_,11.16µm
_2582_,11.16µm
_2825_,11.16µm
adder_inst.i_b\[8\],11.16µm
_0707_,11.14µm
_0796_,11.14µm
_0887_,11.14µm
_0691_,11.12µm
_1046_,11.12µm
_1980_,11.12µm
_1981_,11.12µm
_1995_,11.12µm
_2164_,11.12µm
_2372_,11.12µm
_2979_,11.12µm
_3407_,11.12µm
net88,11.12µm
_0941_,11.1µm
_4557_,11.1µm
mul_res\[20\],11.1µm
_1565_,11.08µm
_1624_,11.08µm
_2429_,11.08µm
_4473_,11.08µm
_2741_,11.06µm
_4006_,11.06µm
_4549_,11.06µm
_2235_,11.05µm
_1146_,11.04µm
_2163_,11.04µm
_3142_,11.04µm
_1963_,11.01µm
_1214_,11µm
_1486_,11µm
_2350_,11µm
_2928_,11µm
_3422_,11µm
i_a[14],11µm
i_a[29],11µm
i_b[27],11µm
i_vld,11µm
multiplier_inst.exp_final_r\[3\],11µm
opcode,11µm
net146,11µm
_3645_,10.98µm
_1097_,10.96µm
_2238_,10.96µm
_2324_,10.96µm
_4490_,10.96µm
_3541_,10.94µm
_3418_,10.91µm
_0946_,10.9µm
_1321_,10.9µm
multiplier_inst.exp_final_r\[6\],10.9µm
_0934_,10.88µm
_2251_,10.88µm
_2320_,10.88µm
_0665_,10.86µm
_0795_,10.86µm
_1200_,10.86µm
_1371_,10.86µm
_1609_,10.86µm
_2850_,10.86µm
_4009_,10.86µm
_1626_,10.84µm
_1814_,10.84µm
_0524_,10.82µm
_1172_,10.82µm
_1207_,10.82µm
_1725_,10.82µm
_2220_,10.82µm
_3723_,10.82µm
_1118_,10.8µm
_2020_,10.8µm
_2431_,10.8µm
_2935_,10.8µm
_4539_,10.8µm
_2957_,10.78µm
_3214_,10.78µm
_4486_,10.78µm
o_res[26],10.78µm
o_res[28],10.78µm
_0436_,10.77µm
_1553_,10.76µm
_3392_,10.76µm
_0441_,10.74µm
_0445_,10.74µm
_0476_,10.74µm
_0990_,10.74µm
_2145_,10.74µm
_4442_,10.74µm
_1003_,10.72µm
_1331_,10.72µm
_1392_,10.72µm
_3348_,10.72µm
_2144_,10.7µm
_1665_,10.68µm
_2711_,10.66µm
_4392_,10.66µm
net86,10.66µm
net646,10.65µm
_0569_,10.64µm
_0766_,10.64µm
_0568_,10.62µm
_0972_,10.62µm
_2404_,10.62µm
_2714_,10.62µm
_3769_,10.62µm
_3502_,10.6µm
_1535_,10.58µm
_3317_,10.58µm
_4381_,10.58µm
_2136_,10.56µm
mul_res\[22\],10.56µm
mul_res\[3\],10.56µm
_0639_,10.54µm
_1208_,10.54µm
_2448_,10.54µm
_2796_,10.54µm
_4478_,10.54µm
_0890_,10.52µm
_1561_,10.5µm
_2329_,10.5µm
_2702_,10.5µm
_0695_,10.48µm
_3740_,10.48µm
adder_inst.exp_b\[5\],10.48µm
_0479_,10.46µm
add_res\[21\],10.46µm
_2579_,10.45µm
_1049_,10.44µm
_3797_,10.44µm
net36,10.44µm
net749,10.44µm
_0734_,10.42µm
_0756_,10.42µm
_0767_,10.42µm
_2648_,10.42µm
_3053_,10.42µm
_3096_,10.42µm
_3260_,10.405µm
_1419_,10.4µm
_1457_,10.4µm
_1703_,10.4µm
_2273_,10.4µm
_3138_,10.4µm
_3194_,10.4µm
_4026_,10.4µm
mul_res\[9\],10.4µm
net95,10.4µm
net850,10.4µm
_1294_,10.38µm
_3753_,10.38µm
_4134_,10.36µm
net167,10.36µm
_1683_,10.34µm
_2911_,10.34µm
_3308_,10.34µm
_3742_,10.34µm
_0078_,10.32µm
_1328_,10.32µm
_1558_,10.32µm
_2319_,10.32µm
_3863_,10.32µm
o_res[24],10.32µm
o_res[30],10.32µm
o_res[31],10.32µm
_1393_,10.3µm
_1424_,10.3µm
_1487_,10.3µm
_1807_,10.3µm
_2419_,10.3µm
_2563_,10.3µm
_2650_,10.3µm
_0468_,10.28µm
_1478_,10.28µm
_1524_,10.28µm
_3297_,10.28µm
_0518_,10.26µm
_1604_,10.26µm
_2705_,10.26µm
_2856_,10.26µm
_2885_,10.26µm
_4337_,10.26µm
_0594_,10.24µm
_0980_,10.24µm
_1395_,10.24µm
_1573_,10.24µm
net597,10.24µm
_0787_,10.22µm
_2750_,10.22µm
_1111_,10.2µm
_1345_,10.2µm
_2407_,10.2µm
_4380_,10.2µm
_1259_,10.18µm
_4467_,10.18µm
_0173_,10.16µm
_0780_,10.16µm
_0861_,10.16µm
_3163_,10.16µm
_4346_,10.16µm
net117,10.16µm
_1344_,10.14µm
_1674_,10.14µm
_1897_,10.12µm
_2327_,10.12µm
_4359_,10.12µm
_4417_,10.12µm
_1252_,10.1µm
_2745_,10.1µm
net848,10.1µm
_0461_,10.08µm
_0602_,10.08µm
_1878_,10.08µm
_3321_,10.08µm
_3759_,10.08µm
_3972_,10.08µm
_4429_,10.08µm
_0458_,10.06µm
_1370_,10.06µm
_1644_,10.06µm
_1803_,10.06µm
_2906_,10.06µm
_3587_,10.06µm
_4120_,10.06µm
_4376_,10.06µm
_1288_,10.04µm
_1530_,10.04µm
_1827_,10.04µm
_2427_,10.04µm
_2629_,10.04µm
_2658_,10.04µm
clknet_leaf_23_clk,10.04µm
net596,10.04µm
_1394_,10.02µm
adder_inst.i_b\[22\],10.02µm
_1870_,10µm
_3668_,10µm
_4405_,10µm
_0824_,9.98µm
_0986_,9.98µm
_2209_,9.98µm
_4309_,9.98µm
net58,9.98µm
_0670_,9.97µm
_1175_,9.96µm
_1507_,9.96µm
_1929_,9.96µm
_2218_,9.96µm
_2325_,9.96µm
_3050_,9.96µm
_0586_,9.94µm
_0895_,9.94µm
_4448_,9.94µm
_4512_,9.94µm
adder_inst.i_b\[13\],9.94µm
_0903_,9.92µm
_0973_,9.92µm
_1360_,9.92µm
_1815_,9.92µm
_1918_,9.92µm
_2521_,9.92µm
_3011_,9.92µm
_1876_,9.9µm
_1975_,9.9µm
_2838_,9.9µm
_3012_,9.9µm
_3135_,9.9µm
_4027_,9.9µm
_4471_,9.9µm
_4513_,9.9µm
net579,9.9µm
net785,9.9µm
_0021_,9.88µm
adder_inst.i_b\[19\],9.88µm
_2196_,9.87µm
_0473_,9.86µm
_2406_,9.86µm
_2618_,9.86µm
_2669_,9.86µm
_3267_,9.86µm
_4114_,9.86µm
_4155_,9.86µm
adder_inst.sum_raw\[20\],9.86µm
o_res[22],9.86µm
o_res[23],9.86µm
o_res[25],9.86µm
o_res[27],9.86µm
o_res[29],9.86µm
net14,9.86µm
net817,9.86µm
_0026_,9.84µm
_2560_,9.84µm
_3082_,9.84µm
_3944_,9.84µm
_1582_,9.82µm
_1832_,9.82µm
_1945_,9.82µm
_2068_,9.82µm
_2122_,9.82µm
_2197_,9.82µm
_2300_,9.82µm
_2451_,9.82µm
_2854_,9.82µm
_0516_,9.8µm
_1264_,9.8µm
_1979_,9.8µm
adder_inst.i_a\[10\],9.8µm
_0451_,9.78µm
_0452_,9.78µm
_1422_,9.78µm
_4292_,9.78µm
_4441_,9.78µm
_0694_,9.76µm
_1397_,9.76µm
_3042_,9.76µm
_1978_,9.74µm
_2063_,9.74µm
_3294_,9.74µm
_3741_,9.74µm
_4061_,9.74µm
_4112_,9.74µm
multiplier_inst.man_final\[17\],9.74µm
net152,9.74µm
_0498_,9.72µm
_1522_,9.72µm
_2013_,9.72µm
_2261_,9.72µm
_3329_,9.72µm
_3376_,9.72µm
_4310_,9.72µm
_0467_,9.7µm
_2058_,9.7µm
_2666_,9.7µm
_3143_,9.7µm
_2675_,9.66µm
_1051_,9.64µm
_1658_,9.64µm
_1790_,9.64µm
_3717_,9.64µm
adder_inst.sum_raw\[6\],9.64µm
_1212_,9.625µm
_0846_,9.62µm
_0935_,9.62µm
_1165_,9.62µm
_1262_,9.62µm
_1302_,9.62µm
_1347_,9.62µm
_2437_,9.62µm
_2917_,9.62µm
_3109_,9.62µm
_3674_,9.62µm
_4222_,9.62µm
_0523_,9.6µm
_2999_,9.6µm
_3080_,9.6µm
_3910_,9.6µm
net657,9.6µm
_1278_,9.58µm
_1838_,9.58µm
_2131_,9.58µm
_2252_,9.58µm
_2452_,9.58µm
_2585_,9.58µm
_1812_,9.54µm
_2956_,9.54µm
_3969_,9.54µm
_4051_,9.54µm
_4273_,9.54µm
_1283_,9.52µm
_1907_,9.52µm
_3346_,9.52µm
add_res\[2\],9.52µm
net8,9.52µm
_0504_,9.5µm
_0797_,9.5µm
_0842_,9.5µm
_2314_,9.5µm
_2600_,9.5µm
_2615_,9.5µm
_2691_,9.5µm
_3013_,9.5µm
_3416_,9.5µm
net712,9.5µm
_0010_,9.48µm
_0578_,9.48µm
_2181_,9.48µm
_2226_,9.48µm
_2387_,9.48µm
_2808_,9.48µm
_1000_,9.46µm
_2336_,9.46µm
_3147_,9.44µm
_3720_,9.44µm
_4366_,9.44µm
adder_inst.man_a_r\[11\],9.44µm
_3045_,9.42µm
_3940_,9.42µm
_0537_,9.4µm
_0625_,9.4µm
_0693_,9.4µm
_1576_,9.4µm
_2185_,9.4µm
_3137_,9.4µm
_4154_,9.4µm
_4206_,9.4µm
_4484_,9.4µm
multiplier_inst.man_final\[15\],9.4µm
net100,9.4µm
_0470_,9.38µm
_1048_,9.38µm
_1516_,9.38µm
_1881_,9.38µm
_2017_,9.38µm
_2470_,9.38µm
_2537_,9.38µm
_2988_,9.38µm
_3027_,9.38µm
_4545_,9.38µm
i_a[15],9.37µm
_0475_,9.36µm
_1595_,9.36µm
_1898_,9.36µm
_2551_,9.36µm
_2869_,9.36µm
_3532_,9.36µm
_3935_,9.36µm
_4369_,9.36µm
_0904_,9.35µm
_1525_,9.34µm
_1972_,9.34µm
_3643_,9.34µm
_0835_,9.32µm
_1242_,9.32µm
_1540_,9.32µm
_2474_,9.32µm
_3560_,9.32µm
_3567_,9.32µm
_0715_,9.3µm
_1086_,9.3µm
_2267_,9.3µm
_3103_,9.3µm
_1942_,9.295µm
_0966_,9.28µm
_1492_,9.28µm
_1770_,9.28µm
_2047_,9.28µm
_2051_,9.28µm
_2335_,9.28µm
_2525_,9.28µm
_2883_,9.28µm
_3183_,9.28µm
net829,9.28µm
_0431_,9.26µm
_0931_,9.26µm
_1324_,9.26µm
_2132_,9.26µm
_2422_,9.26µm
_2476_,9.26µm
_3872_,9.26µm
_3842_,9.255µm
_2104_,9.25µm
_0543_,9.24µm
_2166_,9.24µm
_2460_,9.24µm
_2647_,9.24µm
_3110_,9.235µm
_2076_,9.22µm
_3193_,9.22µm
_0127_,9.21µm
_2282_,9.205µm
_1755_,9.2µm
_2106_,9.2µm
_3747_,9.2µm
_3781_,9.2µm
multiplier_inst.man_final\[20\],9.2µm
_2912_,9.18µm
i_b[5],9.17µm
_0965_,9.16µm
_1519_,9.16µm
_2603_,9.16µm
_3073_,9.16µm
_4540_,9.16µm
net41,9.16µm
_1083_,9.14µm
_2689_,9.14µm
_3902_,9.14µm
_0482_,9.12µm
_1531_,9.12µm
_1894_,9.12µm
_2862_,9.12µm
_3654_,9.12µm
_3671_,9.12µm
_1243_,9.115µm
_3052_,9.105µm
_3689_,9.1µm
net721,9.1µm
_0525_,9.08µm
multiplier_inst.exp_final\[2\],9.08µm
_0513_,9.07µm
_2189_,9.07µm
_1110_,9.06µm
_1337_,9.06µm
_4138_,9.06µm
_1176_,9.04µm
_1322_,9.04µm
_1453_,9.04µm
_2219_,9.04µm
_2304_,9.04µm
_3295_,9.04µm
_0168_,9.03µm
_0573_,9.02µm
_1899_,9.02µm
_2939_,9.02µm
_3070_,9.02µm
_3337_,9.02µm
adder_inst.exp_a\[5\],9.02µm
_0704_,9µm
_0924_,9µm
_2035_,9µm
_3083_,9µm
_3523_,9µm
_0006_,8.98µm
_1014_,8.98µm
_4413_,8.98µm
_4530_,8.98µm
_1272_,8.96µm
_3156_,8.96µm
_3265_,8.96µm
_3495_,8.96µm
_4085_,8.96µm
_0771_,8.94µm
_1218_,8.94µm
_1230_,8.94µm
_2142_,8.94µm
_2860_,8.94µm
_4253_,8.94µm
_4330_,8.94µm
_1087_,8.92µm
_2123_,8.92µm
_3942_,8.92µm
_0494_,8.9µm
_0592_,8.9µm
_0922_,8.9µm
_1391_,8.9µm
_1518_,8.9µm
_2040_,8.9µm
_2831_,8.9µm
_2987_,8.9µm
_3384_,8.9µm
_3682_,8.9µm
_4555_,8.9µm
net83,8.9µm
_1329_,8.89µm
_2861_,8.88µm
_3925_,8.88µm
_3999_,8.88µm
_3582_,8.865µm
_0487_,8.86µm
_0666_,8.86µm
_0988_,8.86µm
_3350_,8.86µm
_2842_,8.84µm
_0501_,8.82µm
_0732_,8.82µm
_0809_,8.82µm
_1166_,8.82µm
_1633_,8.82µm
_1739_,8.82µm
_2019_,8.82µm
_2023_,8.82µm
_2408_,8.82µm
_2640_,8.82µm
_4388_,8.82µm
_4497_,8.82µm
_1839_,8.81µm
_0500_,8.8µm
_0886_,8.8µm
_1653_,8.8µm
_1669_,8.8µm
_1833_,8.8µm
_2323_,8.8µm
_2791_,8.8µm
_1359_,8.78µm
_1420_,8.78µm
_2084_,8.78µm
_2334_,8.78µm
_2617_,8.78µm
_2687_,8.78µm
_2726_,8.78µm
_3203_,8.78µm
_3686_,8.78µm
net739,8.78µm
_1236_,8.76µm
_1637_,8.76µm
_2595_,8.76µm
_3748_,8.76µm
_4338_,8.745µm
_1757_,8.74µm
_4197_,8.74µm
i_a[4],8.73µm
_0618_,8.72µm
_3708_,8.72µm
i_b[16],8.71µm
_0736_,8.7µm
_0975_,8.7µm
_1201_,8.7µm
_1990_,8.7µm
_2376_,8.7µm
_2649_,8.7µm
_2775_,8.7µm
_3737_,8.7µm
_2602_,8.68µm
_3816_,8.68µm
_4435_,8.68µm
_0882_,8.66µm
_2167_,8.66µm
_2243_,8.66µm
_3177_,8.66µm
add_res\[28\],8.66µm
_0854_,8.62µm
_3500_,8.62µm
_4286_,8.62µm
add_res\[8\],8.62µm
net11,8.62µm
_0001_,8.6µm
_0802_,8.6µm
_1307_,8.6µm
_2639_,8.6µm
_3417_,8.6µm
_3824_,8.6µm
_4233_,8.6µm
_4550_,8.6µm
add_res\[5\],8.6µm
multiplier_inst.man_final_r\[4\],8.6µm
multiplier_inst.man_final_r\[9\],8.6µm
_0969_,8.58µm
_1017_,8.58µm
_1300_,8.58µm
_1361_,8.58µm
_1461_,8.58µm
_1681_,8.58µm
_1737_,8.58µm
_1892_,8.58µm
_2078_,8.58µm
_2313_,8.58µm
_2416_,8.58µm
_2475_,8.58µm
_2652_,8.58µm
_3315_,8.58µm
_1495_,8.57µm
_0748_,8.56µm
_2747_,8.56µm
_3239_,8.56µm
_4126_,8.56µm
_4390_,8.56µm
add_res\[0\],8.56µm
net651,8.56µm
_2829_,8.54µm
_1471_,8.52µm
_2039_,8.52µm
_2380_,8.52µm
_2441_,8.52µm
_4175_,8.52µm
o_res[1],8.51µm
_2756_,8.5µm
_2968_,8.5µm
_4460_,8.5µm
_4475_,8.5µm
_0864_,8.48µm
_1784_,8.48µm
_2318_,8.48µm
_2785_,8.48µm
_4303_,8.48µm
_0577_,8.46µm
_0953_,8.46µm
_1248_,8.46µm
_1306_,8.46µm
_2823_,8.46µm
net109,8.46µm
_0978_,8.44µm
_1016_,8.44µm
_1670_,8.44µm
_2008_,8.44µm
_2277_,8.44µm
_2430_,8.44µm
_2562_,8.44µm
_3112_,8.44µm
_3120_,8.44µm
_4125_,8.43µm
_1621_,8.42µm
_1707_,8.42µm
_0876_,8.4µm
_1485_,8.4µm
_2804_,8.4µm
_3800_,8.4µm
i_a[5],8.39µm
_0462_,8.38µm
_0905_,8.38µm
_2085_,8.38µm
_3772_,8.38µm
_1799_,8.37µm
i_b[9],8.37µm
_0511_,8.36µm
_0539_,8.36µm
_1052_,8.36µm
_1318_,8.36µm
_1564_,8.36µm
_1866_,8.36µm
_2997_,8.36µm
_3300_,8.36µm
_3750_,8.36µm
_3776_,8.36µm
_4524_,8.36µm
_0538_,8.34µm
_1043_,8.34µm
_2764_,8.34µm
_2824_,8.34µm
_3558_,8.34µm
_3531_,8.335µm
_4288_,8.33µm
_0712_,8.32µm
_1581_,8.32µm
_1729_,8.32µm
_2066_,8.32µm
_4553_,8.32µm
_1440_,8.28µm
net735,8.28µm
_2768_,8.27µm
_1936_,8.26µm
_2731_,8.26µm
_2855_,8.26µm
net736,8.26µm
_1727_,8.24µm
_2279_,8.24µm
_2289_,8.24µm
_2359_,8.24µm
_2645_,8.24µm
_3231_,8.24µm
_1362_,8.22µm
_1354_,8.2µm
_1630_,8.2µm
_1902_,8.2µm
_2188_,8.2µm
_2663_,8.2µm
_2737_,8.2µm
multiplier_inst.exp_final_r\[1\],8.2µm
_3009_,8.18µm
_3458_,8.16µm
_3537_,8.16µm
_4259_,8.16µm
mul_res\[4\],8.16µm
_0005_,8.14µm
_0033_,8.14µm
_0928_,8.14µm
_1744_,8.14µm
_3450_,8.14µm
net732,8.14µm
_3691_,8.13µm
_1511_,8.125µm
_0424_,8.12µm
_0551_,8.12µm
_0816_,8.12µm
_1204_,8.12µm
_1783_,8.12µm
_2006_,8.12µm
_2162_,8.12µm
_2458_,8.12µm
_2690_,8.12µm
_3953_,8.12µm
_4431_,8.12µm
_0022_,8.1µm
_1029_,8.1µm
_1220_,8.1µm
_1625_,8.1µm
_1923_,8.1µm
_4244_,8.1µm
_4324_,8.1µm
adder_inst.sign_b_r,8.1µm
net638,8.1µm
_2420_,8.095µm
_1966_,8.08µm
_2204_,8.08µm
_2398_,8.08µm
_2677_,8.08µm
_3457_,8.08µm
_0017_,8.06µm
_0469_,8.06µm
_0613_,8.06µm
_0893_,8.06µm
_1178_,8.06µm
_2532_,8.06µm
_2740_,8.06µm
_3612_,8.06µm
net643,8.06µm
_0054_,8.04µm
_4241_,8.04µm
net834,8.04µm
i_b[1],8.03µm
_0486_,8.02µm
_0636_,8.02µm
_0770_,8.02µm
_2812_,8.02µm
_3339_,8.02µm
_4029_,8.02µm
_4336_,8.02µm
net614,8.02µm
_1055_,8µm
_1380_,8µm
_2919_,8µm
_3425_,8µm
net615,8µm
_0879_,7.98µm
_1001_,7.98µm
_1390_,7.98µm
_1502_,7.98µm
_1765_,7.98µm
_1891_,7.98µm
_3618_,7.98µm
_3649_,7.98µm
_3768_,7.98µm
_3805_,7.98µm
adder_inst.i_b\[6\],7.98µm
net559,7.98µm
net606,7.98µm
_2920_,7.965µm
_1006_,7.96µm
adder_inst.i_a\[4\],7.96µm
_0633_,7.94µm
_0821_,7.94µm
_1182_,7.94µm
_3608_,7.94µm
_2285_,7.93µm
_0726_,7.925µm
_0425_,7.92µm
_2779_,7.92µm
_2923_,7.905µm
_0788_,7.9µm
_1643_,7.9µm
_1675_,7.9µm
_2172_,7.9µm
_2815_,7.9µm
_2877_,7.9µm
_3335_,7.9µm
_4533_,7.9µm
_2116_,7.89µm
_3275_,7.885µm
_2266_,7.88µm
_2386_,7.88µm
_0574_,7.86µm
_1221_,7.86µm
_2514_,7.86µm
_2561_,7.86µm
_2900_,7.86µm
_4517_,7.86µm
_4552_,7.86µm
adder_inst.i_a\[3\],7.86µm
_3482_,7.82µm
_3817_,7.82µm
_4202_,7.82µm
net846,7.82µm
_2302_,7.8µm
_3581_,7.8µm
multiplier_inst.exp_final\[6\],7.8µm
_2268_,7.79µm
_0088_,7.78µm
_0706_,7.78µm
_1287_,7.78µm
_1341_,7.78µm
_1566_,7.78µm
_1804_,7.78µm
_2061_,7.78µm
_2709_,7.78µm
_3014_,7.78µm
_4185_,7.78µm
_4525_,7.78µm
_0584_,7.76µm
_0612_,7.76µm
net663,7.76µm
_0579_,7.74µm
_1177_,7.74µm
_2659_,7.74µm
_3064_,7.74µm
_3746_,7.74µm
_3751_,7.74µm
_0384_,7.73µm
_0039_,7.72µm
_2283_,7.72µm
_0856_,7.7µm
_4164_,7.7µm
_4382_,7.7µm
adder_inst.sum_raw\[9\],7.7µm
mul_res\[7\],7.7µm
i_a[3],7.69µm
i_b[10],7.69µm
i_b[19],7.69µm
i_b[22],7.69µm
i_b[7],7.69µm
_0493_,7.68µm
_0646_,7.68µm
_1327_,7.68µm
_2227_,7.68µm
_2241_,7.68µm
_3794_,7.68µm
_3886_,7.68µm
net831,7.68µm
_0474_,7.66µm
_0758_,7.66µm
_0782_,7.66µm
_1053_,7.66µm
_1203_,7.66µm
_1417_,7.66µm
_1425_,7.66µm
_2501_,7.66µm
_2593_,7.66µm
_2665_,7.66µm
_3000_,7.66µm
_3330_,7.66µm
_4464_,7.66µm
_0818_,7.64µm
_0999_,7.64µm
_1320_,7.64µm
_1356_,7.64µm
_1449_,7.64µm
_1719_,7.64µm
_2807_,7.64µm
_2846_,7.64µm
_3900_,7.64µm
_3958_,7.64µm
add_res\[24\],7.64µm
net611,7.64µm
_1748_,7.62µm
_2405_,7.62µm
_0020_,7.6µm
_0053_,7.6µm
_1095_,7.6µm
_3515_,7.6µm
_3610_,7.6µm
mul_res\[2\],7.6µm
net32,7.6µm
net678,7.6µm
_1738_,7.59µm
_0803_,7.58µm
_2326_,7.58µm
_2577_,7.58µm
_3577_,7.58µm
o_res[21],7.57µm
_1601_,7.56µm
_1795_,7.56µm
_1868_,7.56µm
_1910_,7.56µm
_2028_,7.56µm
_2192_,7.56µm
_2343_,7.56µm
_2924_,7.56µm
_3542_,7.56µm
_3784_,7.56µm
_3829_,7.56µm
_4446_,7.56µm
_2672_,7.54µm
_2720_,7.54µm
_2760_,7.54µm
_2914_,7.54µm
_4520_,7.54µm
_4531_,7.54µm
net693,7.54µm
_0430_,7.52µm
_0721_,7.52µm
_1062_,7.52µm
_1506_,7.52µm
_2287_,7.52µm
_2447_,7.52µm
_2529_,7.52µm
_2637_,7.52µm
_3228_,7.52µm
_3377_,7.52µm
_4451_,7.52µm
_2151_,7.5µm
_3866_,7.5µm
_3840_,7.48µm
i_b[11],7.47µm
_2264_,7.46µm
_3806_,7.46µm
_4264_,7.45µm
_1366_,7.44µm
_1400_,7.44µm
_1423_,7.44µm
_2045_,7.44µm
_2995_,7.44µm
_3325_,7.44µm
_3809_,7.44µm
_0472_,7.42µm
_2959_,7.42µm
_2382_,7.4µm
_2424_,7.4µm
_2507_,7.4µm
net557,7.4µm
_3420_,7.385µm
o_res[5],7.37µm
_2915_,7.36µm
adder_inst.sign_sum_r,7.36µm
i_b[12],7.35µm
i_b[8],7.35µm
_4508_,7.34µm
adder_inst.man_a_r\[1\],7.34µm
_1698_,7.32µm
_2100_,7.32µm
_2125_,7.32µm
_2278_,7.32µm
_2884_,7.32µm
_4554_,7.32µm
_2721_,7.305µm
_0194_,7.3µm
_1197_,7.3µm
_1781_,7.3µm
_1847_,7.3µm
_0527_,7.28µm
_1026_,7.28µm
_1724_,7.28µm
_2361_,7.28µm
_2454_,7.28µm
_2880_,7.28µm
_3914_,7.28µm
_0843_,7.25µm
_3828_,7.25µm
_2245_,7.24µm
o_res[20],7.23µm
_0634_,7.22µm
_2967_,7.22µm
_3271_,7.22µm
add_res\[17\],7.22µm
add_res\[3\],7.22µm
net724,7.22µm
_0570_,7.2µm
_0909_,7.2µm
_1578_,7.2µm
_1756_,7.2µm
_1985_,7.2µm
_3667_,7.2µm
_4001_,7.2µm
net824,7.2µm
_0000_,7.18µm
_0024_,7.18µm
_0637_,7.18µm
_0959_,7.18µm
_1112_,7.18µm
_1282_,7.18µm
_1438_,7.18µm
_1682_,7.18µm
_1886_,7.18µm
_1988_,7.18µm
_2344_,7.18µm
_3108_,7.18µm
_4364_,7.18µm
add_res\[15\],7.18µm
add_res\[1\],7.18µm
mul_res\[16\],7.18µm
_0817_,7.16µm
_2237_,7.16µm
_2899_,7.16µm
net72,7.14µm
net93,7.14µm
net98,7.14µm
_1270_,7.12µm
_1454_,7.12µm
_2680_,7.12µm
_3557_,7.12µm
_4516_,7.12µm
_1183_,7.1µm
_1843_,7.1µm
_2293_,7.1µm
_2462_,7.1µm
_2782_,7.1µm
adder_inst.i_a\[14\],7.1µm
net153,7.1µm
_0145_,7.08µm
_0947_,7.08µm
_1255_,7.08µm
_2027_,7.08µm
_2788_,7.08µm
_3548_,7.08µm
_3630_,7.08µm
_4468_,7.08µm
_4070_,7.065µm
_0860_,7.06µm
_0981_,7.06µm
_1077_,7.06µm
_1136_,7.06µm
_1378_,7.06µm
_1587_,7.06µm
_1732_,7.06µm
_2018_,7.06µm
_2383_,7.06µm
_2464_,7.06µm
_2660_,7.06µm
_3319_,7.06µm
_3821_,7.06µm
_4209_,7.06µm
_4356_,7.06µm
net576,7.06µm
net653,7.06µm
_2354_,7.05µm
i_a[16],7.03µm
i_a[22],7.03µm
i_b[15],7.03µm
i_a[9],7.01µm
i_b[14],7.01µm
i_b[6],7.01µm
o_res[4],7.01µm
_0686_,7µm
_1187_,7µm
_1261_,7µm
_1961_,7µm
_2124_,7µm
_2904_,7µm
_0555_,6.98µm
_0830_,6.98µm
_1181_,6.98µm
_1263_,6.98µm
_1460_,6.98µm
_1692_,6.98µm
_1846_,6.98µm
_1873_,6.98µm
_2175_,6.98µm
_3988_,6.98µm
_4463_,6.98µm
_4535_,6.98µm
net720,6.98µm
_3016_,6.97µm
_0442_,6.96µm
_0645_,6.96µm
_0684_,6.96µm
_0974_,6.96µm
_1743_,6.96µm
_2619_,6.96µm
_0837_,6.94µm
_1219_,6.94µm
_2948_,6.94µm
_4401_,6.94µm
_4526_,6.94µm
_1648_,6.93µm
i_a[21],6.91µm
_0505_,6.9µm
_0596_,6.9µm
_0702_,6.9µm
_4168_,6.9µm
_0611_,6.89µm
_1588_,6.89µm
_2284_,6.89µm
o_res[19],6.89µm
_0608_,6.88µm
_0831_,6.88µm
_2137_,6.88µm
_3078_,6.88µm
net728,6.88µm
_0711_,6.86µm
_1717_,6.86µm
_1987_,6.86µm
_2744_,6.86µm
_2857_,6.86µm
_1215_,6.85µm
_1244_,6.84µm
_1556_,6.84µm
_0324_,6.82µm
_1584_,6.82µm
_3130_,6.82µm
_4415_,6.82µm
_1433_,6.815µm
_2816_,6.78µm
_4122_,6.78µm
adder_inst.sum_raw\[12\],6.78µm
_2518_,6.76µm
_2592_,6.76µm
_2620_,6.76µm
_2843_,6.76µm
_3040_,6.76µm
_3131_,6.76µm
_3440_,6.76µm
add_res\[12\],6.76µm
add_res\[13\],6.76µm
adder_inst.i_a\[19\],6.76µm
multiplier_inst.man_final_r\[10\],6.76µm
_0580_,6.74µm
_0585_,6.74µm
_1194_,6.74µm
_1536_,6.74µm
_1849_,6.74µm
_2494_,6.74µm
_2908_,6.74µm
_3301_,6.74µm
_3916_,6.74µm
_4057_,6.74µm
_4069_,6.74µm
_4248_,6.74µm
_4406_,6.74µm
_3454_,6.73µm
_0624_,6.72µm
_0930_,6.72µm
_1560_,6.72µm
_1586_,6.72µm
_1614_,6.72µm
_2014_,6.72µm
_2274_,6.72µm
_2286_,6.72µm
_2351_,6.72µm
_2685_,6.72µm
_3660_,6.72µm
_3913_,6.72µm
_4208_,6.72µm
net62,6.72µm
net797,6.72µm
_0120_,6.71µm
_2876_,6.7µm
_3072_,6.7µm
_3820_,6.695µm
_1426_,6.68µm
i_a[10],6.67µm
i_b[20],6.67µm
i_b[21],6.67µm
o_res[17],6.67µm
o_res[8],6.67µm
_2003_,6.66µm
_2379_,6.66µm
_2657_,6.66µm
_2717_,6.66µm
_0948_,6.64µm
_1477_,6.64µm
_1612_,6.64µm
_2259_,6.64µm
_2265_,6.64µm
_2655_,6.64µm
_3592_,6.64µm
mul_res\[11\],6.64µm
net569,6.64µm
_0643_,6.62µm
_1632_,6.62µm
_2993_,6.62µm
_3812_,6.62µm
_3868_,6.62µm
_4040_,6.62µm
_4527_,6.62µm
add_res\[27\],6.62µm
_0804_,6.6µm
_0827_,6.6µm
_0939_,6.6µm
_1130_,6.6µm
_1160_,6.6µm
_1484_,6.6µm
_1754_,6.6µm
_2765_,6.6µm
_3124_,6.6µm
_3616_,6.6µm
_3684_,6.6µm
_4360_,6.6µm
net80,6.6µm
net733,6.6µm
net826,6.6µm
_2355_,6.58µm
_2341_,6.575µm
_2780_,6.575µm
_0512_,6.54µm
_3510_,6.54µm
_3882_,6.54µm
_4156_,6.54µm
net772,6.54µm
net791,6.54µm
_0713_,6.52µm
_2138_,6.52µm
_2311_,6.52µm
_2627_,6.52µm
_2632_,6.52µm
_2922_,6.52µm
_3468_,6.52µm
_4312_,6.52µm
_0510_,6.5µm
_0629_,6.5µm
_0735_,6.5µm
_3274_,6.5µm
_3692_,6.5µm
_4459_,6.5µm
net774,6.5µm
_2505_,6.485µm
_0877_,6.48µm
_1015_,6.48µm
_1325_,6.48µm
_2676_,6.48µm
_2681_,6.48µm
multiplier_inst.man_final_r\[21\],6.48µm
_0152_,6.45µm
i_a[6],6.45µm
_0485_,6.44µm
_4411_,6.44µm
multiplier_inst.man_final_r\[14\],6.44µm
multiplier_inst.man_final_r\[8\],6.44µm
_2515_,6.42µm
_0781_,6.4µm
_0891_,6.4µm
_1032_,6.4µm
_1265_,6.4µm
_2374_,6.4µm
_2388_,6.4µm
_2457_,6.4µm
_3459_,6.4µm
net574,6.385µm
_0483_,6.38µm
_0533_,6.38µm
_2547_,6.38µm
net65,6.38µm
_2469_,6.36µm
_2950_,6.36µm
_4080_,6.36µm
_4326_,6.36µm
_4395_,6.36µm
i_a[12],6.33µm
i_b[3],6.33µm
i_b[4],6.33µm
_1580_,6.32µm
_2375_,6.32µm
_2934_,6.32µm
_4144_,6.32µm
multiplier_inst.man_final\[5\],6.32µm
_0742_,6.31µm
_0710_,6.3µm
_0940_,6.3µm
_1501_,6.3µm
_1583_,6.3µm
_3553_,6.3µm
_3703_,6.3µm
_3765_,6.3µm
_4105_,6.3µm
_4128_,6.3µm
_4211_,6.3µm
_4437_,6.3µm
add_res\[22\],6.3µm
_0651_,6.28µm
_1005_,6.28µm
_1101_,6.28µm
_1489_,6.28µm
_2786_,6.28µm
_4030_,6.28µm
_4062_,6.28µm
_4403_,6.28µm
_4423_,6.28µm
_0072_,6.26µm
_0826_,6.26µm
_1066_,6.26µm
_1266_,6.26µm
_2263_,6.26µm
_2539_,6.26µm
_2725_,6.26µm
_2845_,6.26µm
_2949_,6.26µm
_3058_,6.26µm
_3516_,6.26µm
_3735_,6.26µm
_4362_,6.26µm
_4559_,6.26µm
multiplier_inst.exp_final_r\[4\],6.26µm
_4076_,6.24µm
net89,6.24µm
net558,6.23µm
_1186_,6.22µm
_1234_,6.22µm
o_res[10],6.21µm
o_res[9],6.21µm
_0434_,6.2µm
_2062_,6.2µm
_3075_,6.2µm
_0432_,6.18µm
_1024_,6.18µm
_1346_,6.18µm
_1797_,6.18µm
_1953_,6.18µm
_2109_,6.18µm
_2503_,6.18µm
_3331_,6.18µm
_3601_,6.18µm
_3802_,6.18µm
_3992_,6.18µm
_0885_,6.16µm
_0921_,6.16µm
_1427_,6.16µm
_1634_,6.16µm
_2210_,6.16µm
_2272_,6.16µm
_2866_,6.16µm
_3215_,6.16µm
_0898_,6.14µm
_0918_,6.14µm
_1142_,6.14µm
_1273_,6.14µm
_2347_,6.14µm
_2523_,6.14µm
_2569_,6.14µm
_2572_,6.14µm
_2583_,6.14µm
_3792_,6.14µm
rst,6.11µm
_2535_,6.08µm
_2707_,6.08µm
_2762_,6.08µm
_0048_,6.06µm
_0158_,6.06µm
_0560_,6.06µm
_1195_,6.06µm
_1227_,6.06µm
_1343_,6.06µm
_1415_,6.06µm
_1977_,6.06µm
_2624_,6.06µm
_2820_,6.06µm
_3061_,6.06µm
_3115_,6.06µm
_4008_,6.06µm
_3507_,6.04µm
net845,6.04µm
net595,6.02µm
net731,6.02µm
i_a[1],5.99µm
i_b[0],5.99µm
o_res[11],5.99µm
o_res[12],5.99µm
o_res[13],5.99µm
o_res[14],5.99µm
net25,5.99µm
_1399_,5.98µm
_1730_,5.98µm
adder_inst.i_b\[12\],5.98µm
_4226_,5.97µm
_3498_,5.965µm
_0535_,5.96µm
_2034_,5.96µm
_2321_,5.96µm
_3561_,5.96µm
_3749_,5.96µm
_2072_,5.945µm
_0506_,5.94µm
_1127_,5.94µm
_1180_,5.94µm
_1286_,5.94µm
_1590_,5.94µm
_1861_,5.94µm
_3087_,5.94µm
_4402_,5.94µm
_0096_,5.92µm
_1494_,5.92µm
net691,5.92µm
net746,5.92µm
_1921_,5.9µm
_2031_,5.9µm
_1123_,5.895µm
_2772_,5.87µm
_0439_,5.86µm
_0644_,5.86µm
_0784_,5.86µm
_1157_,5.86µm
_3701_,5.86µm
_4307_,5.86µm
multiplier_inst.exp_final\[3\],5.86µm
_0119_,5.84µm
_1523_,5.84µm
_1616_,5.84µm
_1871_,5.84µm
_2322_,5.84µm
_2543_,5.84µm
_2701_,5.84µm
_3722_,5.84µm
_3739_,5.84µm
_3760_,5.84µm
_4184_,5.84µm
add_vld,5.84µm
multiplier_inst.exp_final_r\[5\],5.84µm
multiplier_inst.man_final_r\[18\],5.84µm
net811,5.84µm
_1173_,5.825µm
_1458_,5.82µm
_1912_,5.82µm
_2133_,5.82µm
_2453_,5.82µm
_3066_,5.82µm
_3586_,5.82µm
adder_inst.is_zero_a_r,5.82µm
_1090_,5.8µm
_1202_,5.8µm
_1250_,5.8µm
_1534_,5.8µm
_2217_,5.8µm
_2628_,5.8µm
_2852_,5.8µm
_3519_,5.8µm
_3574_,5.8µm
_4284_,5.8µm
net616,5.8µm
_0174_,5.78µm
i_b[18],5.77µm
_1225_,5.76µm
_1900_,5.76µm
_1022_,5.74µm
_1479_,5.74µm
_2703_,5.74µm
_3044_,5.74µm
_0414_,5.72µm
_0503_,5.72µm
_0588_,5.72µm
_0998_,5.72µm
_1007_,5.72µm
_2090_,5.72µm
_2399_,5.72µm
_2541_,5.72µm
_2754_,5.72µm
_2794_,5.72µm
_3139_,5.72µm
_3242_,5.72µm
_4066_,5.72µm
_4466_,5.72µm
_4523_,5.72µm
net85,5.72µm
_1820_,5.7µm
_3878_,5.7µm
_3576_,5.685µm
_1499_,5.68µm
_2275_,5.68µm
_3547_,5.68µm
_4019_,5.68µm
_4118_,5.68µm
_4188_,5.68µm
_4320_,5.68µm
net69,5.68µm
i_a[0],5.65µm
i_a[17],5.65µm
i_a[19],5.65µm
i_b[13],5.65µm
o_res[15],5.65µm
_4142_,5.63µm
_0836_,5.62µm
_1164_,5.62µm
_2190_,5.62µm
_4488_,5.62µm
_0149_,5.61µm
_0178_,5.6µm
_0739_,5.6µm
_1008_,5.6µm
_1054_,5.6µm
_1330_,5.6µm
_1413_,5.6µm
_1785_,5.6µm
_1948_,5.6µm
_2056_,5.6µm
_2495_,5.6µm
_2605_,5.6µm
_2626_,5.6µm
_2706_,5.6µm
_2763_,5.6µm
_3951_,5.6µm
_4277_,5.6µm
_4498_,5.6µm
_4547_,5.6µm
net665,5.6µm
mul_res\[26\],5.58µm
net782,5.58µm
net794,5.58µm
_1037_,5.56µm
_2332_,5.56µm
net55,5.56µm
_0293_,5.53µm
o_res[7],5.53µm
_0961_,5.52µm
_3324_,5.52µm
_3491_,5.52µm
_4179_,5.52µm
net717,5.52µm
_0046_,5.5µm
_0994_,5.5µm
_1305_,5.5µm
_1428_,5.5µm
_1559_,5.5µm
_1786_,5.5µm
_0409_,5.48µm
_0540_,5.48µm
_2233_,5.48µm
_2340_,5.48µm
_2342_,5.48µm
_2426_,5.48µm
_2980_,5.48µm
_3479_,5.48µm
_4048_,5.48µm
_4332_,5.48µm
_4454_,5.48µm
_4518_,5.48µm
net664,5.48µm
_3400_,5.46µm
net17,5.46µm
_0604_,5.4µm
_1793_,5.4µm
_2173_,5.4µm
_2564_,5.4µm
_3856_,5.4µm
_3961_,5.4µm
_4063_,5.4µm
_4218_,5.4µm
_4456_,5.4µm
_0522_,5.39µm
_0034_,5.38µm
_0075_,5.38µm
_1762_,5.38µm
_2356_,5.38µm
_3786_,5.38µm
_3949_,5.38µm
_4081_,5.38µm
add_res\[26\],5.38µm
add_res\[9\],5.38µm
adder_inst.i_a\[31\],5.38µm
multiplier_inst.exp_final_r\[7\],5.38µm
net16,5.38µm
net75,5.38µm
net77,5.38µm
_0615_,5.36µm
_0692_,5.36µm
_1004_,5.36µm
_1794_,5.36µm
_1822_,5.36µm
_4422_,5.36µm
_0015_,5.34µm
_0811_,5.34µm
_0880_,5.34µm
_2201_,5.34µm
_2330_,5.34µm
_2753_,5.34µm
_2870_,5.34µm
_3091_,5.34µm
_4257_,5.34µm
_4400_,5.34µm
_4440_,5.34µm
net747,5.34µm
net815,5.34µm
i_a[20],5.31µm
i_a[2],5.31µm
i_a[7],5.31µm
i_a[8],5.31µm
i_b[2],5.31µm
o_res[16],5.31µm
o_res[18],5.31µm
o_res[3],5.31µm
_0597_,5.28µm
_0642_,5.28µm
_0783_,5.28µm
_0847_,5.28µm
_1084_,5.28µm
_1247_,5.28µm
_2143_,5.28µm
_3635_,5.28µm
_4455_,5.28µm
adder_inst.sum_raw\[21\],5.28µm
_0617_,5.26µm
_0687_,5.26µm
_0844_,5.26µm
_0993_,5.26µm
_1598_,5.26µm
_1599_,5.26µm
_1940_,5.26µm
_2049_,5.26µm
_2221_,5.26µm
_2455_,5.26µm
_2668_,5.26µm
_3172_,5.26µm
_3296_,5.26µm
_3464_,5.26µm
_3572_,5.26µm
_3573_,5.26µm
_4502_,5.26µm
net726,5.26µm
_1490_,5.25µm
_1044_,5.24µm
_1488_,5.24µm
_3787_,5.24µm
net684,5.24µm
_2203_,5.22µm
_2306_,5.22µm
_3090_,5.22µm
_3133_,5.22µm
_3397_,5.22µm
_3456_,5.22µm
_4017_,5.22µm
net578,5.22µm
net587,5.22µm
net605,5.22µm
net617,5.22µm
net766,5.22µm
o_res[6],5.19µm
_2837_,5.16µm
_3631_,5.16µm
_0374_,5.14µm
_0697_,5.14µm
_0841_,5.14µm
_0857_,5.14µm
_0927_,5.14µm
_1450_,5.14µm
_1952_,5.14µm
_1986_,5.14µm
_2851_,5.14µm
_3423_,5.14µm
_4000_,5.14µm
_4035_,5.14µm
_4212_,5.14µm
_4316_,5.14µm
net800,5.12µm
_0256_,5.1µm
_1031_,5.1µm
_1982_,5.06µm
_2288_,5.06µm
_2729_,5.06µm
_2858_,5.06µm
_3048_,5.06µm
_3146_,5.06µm
_3195_,5.06µm
_3236_,5.06µm
_4151_,5.06µm
adder_inst.sign_sum,5.06µm
net758,5.06µm
_0997_,5.04µm
net699,5.04µm
net714,5.025µm
_0746_,5.02µm
_0773_,5.02µm
_0943_,5.02µm
_0949_,5.02µm
_1184_,5.02µm
_1916_,5.02µm
_2459_,5.02µm
_2742_,5.02µm
_3104_,5.02µm
_4283_,5.02µm
net668,5.02µm
_0038_,5µm
_0278_,5µm
_3252_,5µm
_3543_,4.975µm
_0382_,4.97µm
_2531_,4.95µm
_0070_,4.94µm
_1057_,4.94µm
_2158_,4.94µm
_2160_,4.94µm
_2977_,4.94µm
_2998_,4.94µm
_3559_,4.94µm
_4148_,4.94µm
_4541_,4.94µm
adder_inst.is_zero_a,4.94µm
adder_inst.man_b_r\[9\],4.94µm
adder_inst.sum_raw\[8\],4.94µm
_0074_,4.92µm
_0552_,4.92µm
_0800_,4.92µm
_1143_,4.92µm
_1526_,4.92µm
_1913_,4.92µm
_1934_,4.92µm
_2205_,4.92µm
_2368_,4.92µm
_3051_,4.92µm
_3118_,4.92µm
_3569_,4.92µm
_3836_,4.92µm
_4318_,4.92µm
mul_res\[31\],4.92µm
_0429_,4.9µm
_0517_,4.9µm
_0563_,4.9µm
_1596_,4.9µm
_2761_,4.9µm
_4002_,4.9µm
_4198_,4.9µm
_0095_,4.88µm
_1690_,4.88µm
_1850_,4.88µm
_3028_,4.88µm
_3441_,4.88µm
_3807_,4.88µm
net2,4.88µm
net713,4.88µm
o_res[0],4.85µm
o_res[2],4.85µm
overflow,4.85µm
_1161_,4.82µm
_1312_,4.82µm
_2686_,4.82µm
_4385_,4.82µm
_0143_,4.8µm
_0566_,4.8µm
_0672_,4.8µm
_0747_,4.8µm
_0819_,4.8µm
_0820_,4.8µm
_1198_,4.8µm
_1297_,4.8µm
_1311_,4.8µm
_1567_,4.8µm
_1821_,4.8µm
_2170_,4.8µm
_2472_,4.8µm
_2594_,4.8µm
_2927_,4.8µm
_2933_,4.8µm
_3367_,4.8µm
_3438_,4.8µm
_3604_,4.8µm
_3614_,4.8µm
_4436_,4.8µm
_4515_,4.8µm
net689,4.8µm
_0631_,4.78µm
_1761_,4.78µm
_1010_,4.76µm
_1103_,4.76µm
_1205_,4.76µm
_3258_,4.76µm
_3850_,4.76µm
_4117_,4.76µm
_4430_,4.76µm
net71,4.76µm
net73,4.76µm
_0083_,4.725µm
_2363_,4.7µm
_2147_,4.685µm
_0550_,4.68µm
_0791_,4.68µm
_0942_,4.68µm
_0985_,4.68µm
_1196_,4.68µm
_1678_,4.68µm
_2755_,4.68µm
adder_inst.i_a\[12\],4.68µm
_0358_,4.66µm
net805,4.66µm
net835,4.66µm
_0132_,4.61µm
_0257_,4.61µm
_3226_,4.6µm
_3636_,4.6µm
_3651_,4.6µm
add_res\[14\],4.6µm
net715,4.6µm
net802,4.6µm
_0136_,4.58µm
_1817_,4.58µm
_2590_,4.58µm
_4319_,4.58µm
_0529_,4.56µm
_1627_,4.56µm
_1704_,4.56µm
_1877_,4.56µm
_2331_,4.56µm
_3055_,4.56µm
_3798_,4.56µm
_4191_,4.56µm
_0241_,4.54µm
_0399_,4.54µm
_0400_,4.54µm
_0404_,4.54µm
_0725_,4.54µm
net22,4.54µm
net63,4.54µm
net779,4.54µm
_0290_,4.53µm
_0045_,4.48µm
_0076_,4.48µm
_0103_,4.48µm
_0663_,4.48µm
_0772_,4.48µm
_1309_,4.48µm
_1848_,4.48µm
_3431_,4.48µm
_3579_,4.48µm
_3647_,4.48µm
_3839_,4.48µm
_3986_,4.48µm
_4447_,4.48µm
_4544_,4.48µm
net101,4.48µm
_0023_,4.46µm
_0030_,4.46µm
_0071_,4.46µm
_0564_,4.46µm
_2053_,4.46µm
_2393_,4.46µm
_2511_,4.46µm
_2554_,4.46µm
_2973_,4.46µm
_3150_,4.46µm
_3570_,4.46µm
_4097_,4.46µm
_4363_,4.46µm
mul_res\[1\],4.46µm
multiplier_inst.man_final_r\[16\],4.46µm
multiplier_inst.man_final_r\[5\],4.46µm
net1,4.46µm
net4,4.46µm
_0945_,4.44µm
_1992_,4.44µm
_4323_,4.44µm
_4462_,4.44µm
_0019_,4.42µm
_1348_,4.42µm
_1462_,4.42µm
_1709_,4.42µm
_3655_,4.42µm
_3672_,4.42µm
_3862_,4.42µm
_4372_,4.42µm
net604,4.42µm
net632,4.42µm
net813,4.42µm
_3403_,4.365µm
_1837_,4.36µm
_2364_,4.36µm
_2425_,4.36µm
adder_inst.i_a\[5\],4.36µm
net582,4.36µm
_1310_,4.34µm
_1401_,4.34µm
_2011_,4.34µm
_2345_,4.34µm
_2698_,4.34µm
_2748_,4.34µm
_3455_,4.34µm
_3540_,4.34µm
_4011_,4.34µm
_4165_,4.34µm
_4546_,4.34µm
adder_inst.man_b_r\[23\],4.34µm
mul_res\[25\],4.34µm
net787,4.34µm
_0259_,4.32µm
_3813_,4.32µm
net33,4.265µm
_2357_,4.24µm
_4013_,4.24µm
adder_inst.i_a\[17\],4.24µm
_0234_,4.22µm
_0982_,4.22µm
_1238_,4.22µm
_1368_,4.22µm
_1641_,4.22µm
_2758_,4.22µm
net832,4.22µm
_3529_,4.2µm
net634,4.2µm
net755,4.2µm
_1418_,4.16µm
_2963_,4.15µm
adder_inst.sum_raw\[23\],4.145µm
_2461_,4.14µm
_3530_,4.14µm
_3640_,4.14µm
_4255_,4.14µm
add_res\[4\],4.14µm
adder_inst.i_b\[7\],4.14µm
_4425_,4.135µm
_0167_,4.12µm
_0308_,4.12µm
_1520_,4.12µm
_1688_,4.12µm
_2656_,4.12µm
_4294_,4.12µm
net37,4.12µm
net806,4.12µm
net818,4.12µm
net838,4.12µm
_0845_,4.1µm
_0139_,4.08µm
net690,4.08µm
net740,4.08µm
_0153_,4.05µm
_1867_,4.04µm
_3525_,4.025µm
_0029_,4.02µm
_1041_,4.02µm
_1970_,4.02µm
_2030_,4.02µm
_2194_,4.02µm
_2498_,4.02µm
_2674_,4.02µm
_3957_,4.02µm
_4453_,4.02µm
adder_inst.sum_raw\[11\],4.02µm
adder_inst.sum_raw\[14\],4.02µm
net26,4.02µm
_0014_,4µm
_0060_,4µm
_0705_,4µm
_2033_,4µm
_2362_,4µm
_2513_,4µm
_2667_,4µm
_3117_,4µm
_3234_,4µm
_3475_,4µm
_3566_,4µm
_3602_,4µm
_3897_,4µm
_4315_,4µm
adder_inst.i_b\[31\],4µm
net775,4µm
net777,4µm
net781,4µm
net790,4µm
_1365_,3.98µm
_3054_,3.98µm
_3754_,3.98µm
_4130_,3.98µm
_4378_,3.98µm
_0333_,3.93µm
_1758_,3.92µm
_1189_,3.9µm
_3410_,3.9µm
_3938_,3.9µm
_4043_,3.9µm
_4489_,3.9µm
_0130_,3.88µm
_0209_,3.88µm
_0433_,3.88µm
_0528_,3.88µm
_0587_,3.88µm
_0762_,3.88µm
_0868_,3.88µm
_0872_,3.88µm
_1997_,3.88µm
_2248_,3.88µm
_2512_,3.88µm
_2798_,3.88µm
_2863_,3.88µm
_2941_,3.88µm
_3527_,3.88µm
_3536_,3.88µm
_3593_,3.88µm
_4194_,3.88µm
_4505_,3.88µm
_4537_,3.88µm
net84,3.88µm
net780,3.88µm
_0676_,3.78µm
_2653_,3.78µm
_0097_,3.76µm
_0182_,3.76µm
_0207_,3.76µm
_0253_,3.76µm
_0326_,3.76µm
_0408_,3.76µm
_0549_,3.76µm
_1256_,3.76µm
_1589_,3.76µm
_2216_,3.76µm
net633,3.76µm
_3909_,3.74µm
_0283_,3.69µm
_0322_,3.69µm
_0094_,3.685µm
_0044_,3.68µm
_0087_,3.68µm
_1591_,3.68µm
_1666_,3.68µm
_3652_,3.68µm
_3785_,3.68µm
_4242_,3.68µm
_4249_,3.68µm
_4331_,3.68µm
adder_inst.exp_larger\[7\],3.68µm
multiplier_inst.man_final\[21\],3.68µm
net803,3.68µm
_0099_,3.66µm
_0548_,3.66µm
multiplier_inst.man_final\[14\],3.66µm
net783,3.66µm
net809,3.66µm
_0140_,3.64µm
_0198_,3.64µm
_2105_,3.64µm
_4321_,3.64µm
_4482_,3.64µm
multiplier_inst.man_final_r\[2\],3.64µm
net828,3.64µm
_0183_,3.61µm
_0192_,3.59µm
_0271_,3.59µm
_0275_,3.59µm
_0315_,3.59µm
_4263_,3.57µm
_0098_,3.56µm
_0100_,3.56µm
_0101_,3.56µm
_0757_,3.56µm
_1100_,3.56µm
_1722_,3.56µm
_2961_,3.56µm
_2991_,3.56µm
_3095_,3.56µm
_3379_,3.56µm
_3549_,3.56µm
_4278_,3.56µm
_4287_,3.56µm
adder_inst.is_nan_a,3.56µm
_0731_,3.54µm
_1122_,3.54µm
_1635_,3.54µm
_1917_,3.54µm
_2817_,3.54µm
_2878_,3.54µm
_3111_,3.54µm
_3125_,3.54µm
_3490_,3.54µm
_3512_,3.54µm
_3875_,3.54µm
_3915_,3.54µm
_3922_,3.54µm
_4181_,3.54µm
_4407_,3.54µm
add_res\[19\],3.54µm
add_res\[23\],3.54µm
add_res\[25\],3.54µm
mul_res\[5\],3.54µm
multiplier_inst.sign_res_r,3.54µm
net66,3.54µm
net620,3.54µm
net729,3.54µm
net773,3.54µm
net788,3.54µm
net792,3.54µm
net799,3.54µm
net807,3.54µm
_4101_,3.52µm
_4162_,3.52µm
_4416_,3.52µm
_1274_,3.44µm
_2549_,3.44µm
add_res\[6\],3.44µm
_0077_,3.42µm
_0233_,3.42µm
_0267_,3.42µm
_0305_,3.42µm
_0306_,3.42µm
_0583_,3.42µm
_0698_,3.42µm
_1332_,3.42µm
_1498_,3.42µm
_1661_,3.42µm
_1809_,3.42µm
_2118_,3.42µm
_2403_,3.42µm
_2489_,3.42µm
_2566_,3.42µm
_2724_,3.42µm
_3069_,3.42µm
_3088_,3.42µm
_3161_,3.42µm
_3426_,3.42µm
_3437_,3.42µm
_3881_,3.42µm
_3890_,3.42µm
_4113_,3.42µm
_4171_,3.42µm
_4172_,3.42µm
_4412_,3.42µm
net92,3.42µm
net722,3.42µm
_0187_,3.4µm
_0205_,3.4µm
_0289_,3.4µm
_0310_,3.4µm
_0317_,3.4µm
_0266_,3.37µm
_3141_,3.32µm
_4271_,3.32µm
_0041_,3.3µm
_0177_,3.3µm
_0212_,3.3µm
_0236_,3.3µm
_0261_,3.3µm
_0325_,3.3µm
_1946_,3.3µm
_2522_,3.3µm
_2723_,3.3µm
_3695_,3.3µm
net566,3.3µm
net594,3.3µm
net703,3.3µm
_0180_,3.23µm
net708,3.225µm
_0056_,3.22µm
_0090_,3.22µm
_2296_,3.22µm
_3249_,3.22µm
_3436_,3.22µm
_3452_,3.22µm
_3801_,3.22µm
_4267_,3.22µm
_4275_,3.22µm
add_ovf,3.22µm
add_res\[20\],3.22µm
adder_inst.sum_raw\[7\],3.22µm
net622,3.22µm
net778,3.22µm
net810,3.22µm
_0269_,3.2µm
_0834_,3.2µm
net696,3.2µm
net762,3.2µm
net765,3.2µm
net769,3.2µm
net837,3.2µm
net843,3.2µm
_0191_,3.18µm
_0276_,3.18µm
_1233_,3.18µm
_3508_,3.18µm
_4028_,3.18µm
_4328_,3.18µm
_4499_,3.18µm
_0268_,3.13µm
_0302_,3.13µm
_0375_,3.13µm
_0415_,3.13µm
_0465_,3.1µm
_0502_,3.1µm
_0616_,3.1µm
_0730_,3.1µm
_0878_,3.1µm
_1163_,3.1µm
_1179_,3.1µm
_1211_,3.1µm
_1398_,3.1µm
_1557_,3.1µm
_1911_,3.1µm
_1947_,3.1µm
_2499_,3.1µm
_2697_,3.1µm
_2752_,3.1µm
_2905_,3.1µm
_3205_,3.1µm
_3227_,3.1µm
_3302_,3.1µm
_3476_,3.1µm
_3492_,3.1µm
_3563_,3.1µm
_4136_,3.1µm
_4192_,3.1µm
_4276_,3.1µm
_4368_,3.1µm
_4445_,3.1µm
_4507_,3.1µm
adder_inst.is_inf_a,3.1µm
adder_inst.sum_raw\[10\],3.1µm
net23,3.1µm
_0008_,3.08µm
_0107_,3.08µm
_0370_,3.08µm
_1093_,3.08µm
_1541_,3.08µm
_1689_,3.08µm
_2128_,3.08µm
_2254_,3.08µm
_3039_,3.08µm
_3448_,3.08µm
_3528_,3.08µm
_3578_,3.08µm
_3726_,3.08µm
_4299_,3.08µm
_4465_,3.08µm
mul_ovf,3.08µm
multiplier_inst.man_final_r\[3\],3.08µm
net46,3.08µm
net580,3.08µm
net591,3.08µm
net652,3.08µm
net700,3.08µm
net723,3.08µm
_0175_,3.06µm
_0224_,3.06µm
_0396_,3.06µm
_2696_,3.06µm
add_res\[30\],3.06µm
_0252_,3.03µm
_0301_,3.03µm
_0309_,3.03µm
_0246_,3.01µm
_3552_,2.985µm
_0546_,2.98µm
_2552_,2.98µm
_3429_,2.98µm
_4237_,2.98µm
_4353_,2.98µm
_4361_,2.98µm
add_res\[16\],2.98µm
net571,2.98µm
net640,2.98µm
_0040_,2.96µm
_0199_,2.96µm
_0341_,2.96µm
_0519_,2.96µm
_0561_,2.96µm
_0619_,2.96µm
_2159_,2.96µm
_3060_,2.96µm
_3094_,2.96µm
_3128_,2.96µm
_3216_,2.96µm
_3385_,2.96µm
_3488_,2.96µm
_3546_,2.96µm
_3943_,2.96µm
_3970_,2.96µm
_4014_,2.96µm
_4236_,2.96µm
_4281_,2.96µm
_4308_,2.96µm
_4409_,2.96µm
_4532_,2.96µm
net840,2.96µm
net795,2.925µm
_3959_,2.92µm
_0160_,2.89µm
_0226_,2.89µm
_0406_,2.89µm
_2067_,2.86µm
_2526_,2.86µm
_4215_,2.86µm
mul_res\[27\],2.86µm
net812,2.86µm
_0111_,2.84µm
_0137_,2.84µm
_0147_,2.84µm
_0165_,2.84µm
_0195_,2.84µm
_0201_,2.84µm
_0203_,2.84µm
_0204_,2.84µm
_0216_,2.84µm
_0222_,2.84µm
_0223_,2.84µm
_0239_,2.84µm
_0247_,2.84µm
_0265_,2.84µm
_0272_,2.84µm
_0277_,2.84µm
_0281_,2.84µm
_0286_,2.84µm
_0294_,2.84µm
_0297_,2.84µm
_0299_,2.84µm
_0316_,2.84µm
_0320_,2.84µm
_0328_,2.84µm
_0361_,2.84µm
_0363_,2.84µm
_0367_,2.84µm
_0376_,2.84µm
_0378_,2.84µm
_0380_,2.84µm
_0388_,2.84µm
_0394_,2.84µm
_0398_,2.84µm
_0405_,2.84µm
_1496_,2.84µm
net7,2.84µm
net29,2.84µm
net35,2.84µm
net688,2.84µm
_0402_,2.77µm
_2889_,2.76µm
_3032_,2.76µm
_3067_,2.76µm
_3562_,2.76µm
_3568_,2.76µm
_3681_,2.76µm
_3752_,2.76µm
_4152_,2.76µm
_4291_,2.76µm
mul_res\[29\],2.76µm
net701,2.76µm
net820,2.76µm
_0049_,2.74µm
_0262_,2.74µm
_0284_,2.74µm
_1958_,2.74µm
_3975_,2.74µm
multiplier_inst.man_final\[22\],2.74µm
net710,2.74µm
net760,2.74µm
_0206_,2.72µm
_0303_,2.72µm
_2134_,2.72µm
_4424_,2.72µm
net621,2.72µm
_0108_,2.69µm
_0109_,2.69µm
_0110_,2.69µm
_0210_,2.69µm
_0237_,2.69µm
_0282_,2.69µm
_0312_,2.69µm
_0321_,2.69µm
_0327_,2.69µm
_0343_,2.69µm
_0348_,2.69µm
_0356_,2.69µm
_4223_,2.69µm
_0323_,2.67µm
_2588_,2.64µm
_2670_,2.64µm
_2847_,2.64µm
_3015_,2.64µm
_3181_,2.64µm
_3292_,2.64µm
_3449_,2.64µm
_3599_,2.64µm
_3633_,2.64µm
_3724_,2.64µm
_3852_,2.64µm
_4195_,2.64µm
_4311_,2.64µm
_4377_,2.64µm
adder_inst.is_inf_b,2.64µm
net853,2.64µm
_3588_,2.625µm
_0003_,2.62µm
_0004_,2.62µm
_0032_,2.62µm
_0214_,2.62µm
_0274_,2.62µm
_0677_,2.62µm
_0925_,2.62µm
_0951_,2.62µm
_1376_,2.62µm
_1491_,2.62µm
_1949_,2.62µm
_2613_,2.62µm
_3145_,2.62µm
_3179_,2.62µm
_3188_,2.62µm
_3287_,2.62µm
_3453_,2.62µm
_3585_,2.62µm
_3832_,2.62µm
_3885_,2.62µm
_4089_,2.62µm
_4131_,2.62µm
net19,2.62µm
net20,2.62µm
net78,2.62µm
net81,2.62µm
net97,2.62µm
net99,2.62µm
net564,2.62µm
net589,2.62µm
net694,2.62µm
net704,2.62µm
net727,2.62µm
net808,2.62µm
net825,2.62µm
_2708_,2.57µm
_1063_,2.52µm
_2260_,2.52µm
_2428_,2.52µm
_3518_,2.52µm
_4141_,2.52µm
_4367_,2.52µm
_0189_,2.5µm
_0292_,2.5µm
_0369_,2.5µm
_0381_,2.5µm
_0391_,2.5µm
_0401_,2.5µm
_0457_,2.5µm
_1782_,2.5µm
_1840_,2.5µm
_1890_,2.5µm
_1903_,2.5µm
_1919_,2.5µm
_2186_,2.5µm
_2230_,2.5µm
_2486_,2.5µm
_2774_,2.5µm
_3047_,2.5µm
_3063_,2.5µm
_3166_,2.5µm
_3447_,2.5µm
_3487_,2.5µm
_3575_,2.5µm
_3607_,2.5µm
_3650_,2.5µm
_3710_,2.5µm
_4119_,2.5µm
_4210_,2.5µm
_4295_,2.5µm
_4304_,2.5µm
_4432_,2.5µm
_4528_,2.5µm
mul_res\[19\],2.5µm
net82,2.5µm
net610,2.5µm
net841,2.5µm
_2317_,2.4µm
_3644_,2.4µm
net798,2.4µm
net814,2.4µm
net830,2.4µm
_0042_,2.38µm
_0069_,2.38µm
_0123_,2.38µm
_0124_,2.38µm
_0154_,2.38µm
_0161_,2.38µm
_0188_,2.38µm
_0197_,2.38µm
_0202_,2.38µm
_0225_,2.38µm
_0251_,2.38µm
_0255_,2.38µm
_0280_,2.38µm
_0296_,2.38µm
_0311_,2.38µm
_0340_,2.38µm
_0342_,2.38µm
_0350_,2.38µm
_0355_,2.38µm
_0359_,2.38µm
_0372_,2.38µm
_0411_,2.38µm
_2580_,2.38µm
_4217_,2.38µm
net585,2.38µm
net607,2.38µm
_3556_,2.375µm
_0541_,2.3µm
_1141_,2.3µm
_1241_,2.3µm
_2059_,2.3µm
_2206_,2.3µm
_2576_,2.3µm
_3345_,2.3µm
_3615_,2.3µm
_3658_,2.3µm
_4205_,2.3µm
_4501_,2.3µm
add_res\[18\],2.3µm
mul_res\[28\],2.3µm
net757,2.3µm
net767,2.3µm
net770,2.3µm
net784,2.3µm
net789,2.3µm
net796,2.3µm
net822,2.3µm
_0086_,2.28µm
_0116_,2.28µm
_0190_,2.28µm
_0200_,2.28µm
_0260_,2.28µm
_0288_,2.28µm
_0392_,2.28µm
_0709_,2.28µm
_1232_,2.28µm
_2214_,2.28µm
_2673_,2.28µm
_3494_,2.28µm
net716,2.28µm
net737,2.28µm
net754,2.28µm
net771,2.28µm
net855,2.28µm
_4229_,2.275µm
_3501_,2.24µm
_0106_,2.23µm
_0112_,2.23µm
_0115_,2.23µm
_0126_,2.23µm
_0133_,2.23µm
_0135_,2.23µm
_0141_,2.23µm
_0151_,2.23µm
_0156_,2.23µm
_0157_,2.23µm
_0162_,2.23µm
_0166_,2.23µm
_0193_,2.23µm
_0208_,2.23µm
_0211_,2.23µm
_0215_,2.23µm
_0218_,2.23µm
_0227_,2.23µm
_0231_,2.23µm
_0235_,2.23µm
_0238_,2.23µm
_0264_,2.23µm
_0270_,2.23µm
_0273_,2.23µm
_0300_,2.23µm
_0304_,2.23µm
_0319_,2.23µm
_0330_,2.23µm
_0331_,2.23µm
_0334_,2.23µm
_0336_,2.23µm
_0337_,2.23µm
_0338_,2.23µm
_0339_,2.23µm
_0344_,2.23µm
_0345_,2.23µm
_0346_,2.23µm
_0347_,2.23µm
_0349_,2.23µm
_0352_,2.23µm
_0353_,2.23µm
_0354_,2.23µm
_0362_,2.23µm
_0364_,2.23µm
_0365_,2.23µm
_0366_,2.23µm
_0368_,2.23µm
_0373_,2.23µm
_0377_,2.23µm
_0379_,2.23µm
_0385_,2.23µm
_0386_,2.23µm
_0413_,2.23µm
_0416_,2.23µm
_0417_,2.23µm
_0418_,2.23µm
_0217_,2.21µm
_0230_,2.21µm
_0360_,2.21µm
_0031_,2.18µm
_0050_,2.18µm
_0923_,2.18µm
_1237_,2.18µm
_1459_,2.18µm
_2559_,2.18µm
_2625_,2.18µm
_3057_,2.18µm
_3225_,2.18µm
_3229_,2.18µm
_3521_,2.18µm
_3641_,2.18µm
_3705_,2.18µm
_3968_,2.18µm
_4180_,2.18µm
_4519_,2.18µm
_4548_,2.18µm
adder_inst.is_nan_b,2.18µm
net47,2.18µm
_0105_,2.16µm
_0389_,2.16µm
_0395_,2.16µm
_0484_,2.16µm
_1068_,2.16µm
_1685_,2.16µm
_1686_,2.16µm
_1869_,2.16µm
_1955_,2.16µm
_1996_,2.16µm
_2094_,2.16µm
_2299_,2.16µm
_2506_,2.16µm
_2614_,2.16µm
_2736_,2.16µm
_2859_,2.16µm
_2966_,2.16µm
_2994_,2.16µm
_3024_,2.16µm
_3196_,2.16µm
_3219_,2.16µm
_3340_,2.16µm
_3465_,2.16µm
_3466_,2.16µm
_3505_,2.16µm
_3565_,2.16µm
_3597_,2.16µm
_3627_,2.16µm
_4182_,2.16µm
_4228_,2.16µm
_4265_,2.16µm
_4375_,2.16µm
_4439_,2.16µm
_4485_,2.16µm
add_res\[10\],2.16µm
mul_res\[10\],2.16µm
multiplier_inst.overflow_calc,2.16µm
net38,2.16µm
net96,2.16µm
net588,2.16µm
net612,2.16µm
net707,2.16µm
net756,2.16µm
_1038_,2.11µm
_3606_,2.07µm
_0667_,2.06µm
_1667_,2.06µm
_2108_,2.06µm
_2234_,2.06µm
_2907_,2.06µm
_3320_,2.06µm
_3580_,2.06µm
_4301_,2.06µm
_4384_,2.06µm
net575,2.06µm
_0138_,2.04µm
_0155_,2.04µm
_0254_,2.04µm
_0263_,2.04µm
_0335_,2.04µm
_0357_,2.04µm
_0428_,2.04µm
_0450_,2.04µm
_1260_,2.04µm
_2895_,2.04µm
_3074_,2.04µm
_3478_,2.04µm
_3484_,2.04µm
_4015_,2.04µm
_4345_,2.04µm
_4379_,2.04µm
_4492_,2.04µm
net91,2.04µm
net577,2.04µm
net590,2.04µm
net608,2.04µm
net718,2.04µm
net695,2.005µm
net698,2.005µm
_3402_,1.94µm
_3621_,1.94µm
_4389_,1.94µm
_4511_,1.94µm
adder_inst.sum_raw\[22\],1.845µm
_0043_,1.84µm
_0733_,1.84µm
_1649_,1.84µm
_1788_,1.84µm
_1823_,1.84µm
_3334_,1.84µm
_3550_,1.84µm
_3555_,1.84µm
_3921_,1.84µm
_4167_,1.84µm
_4196_,1.84µm
_4325_,1.84µm
mul_res\[6\],1.84µm
net697,1.84µm
net705,1.84µm
net706,1.84µm
net709,1.84µm
net730,1.84µm
net759,1.84µm
net801,1.84µm
_0122_,1.82µm
_0125_,1.82µm
_0129_,1.82µm
_0150_,1.82µm
_0159_,1.82µm
_0163_,1.82µm
_0172_,1.82µm
_0184_,1.82µm
_0186_,1.82µm
_0196_,1.82µm
_0219_,1.82µm
_0221_,1.82µm
_0228_,1.82µm
_0229_,1.82µm
_0243_,1.82µm
_0248_,1.82µm
_0249_,1.82µm
_0279_,1.82µm
_0285_,1.82µm
_0287_,1.82µm
_0291_,1.82µm
_0295_,1.82µm
_0298_,1.82µm
_0314_,1.82µm
_0332_,1.82µm
_0351_,1.82µm
_0387_,1.82µm
_0390_,1.82µm
_0393_,1.82µm
_0397_,1.82µm
_0403_,1.82µm
_0410_,1.82µm
_0412_,1.82µm
_1150_,1.82µm
_2599_,1.82µm
_3381_,1.82µm
_3605_,1.82µm
adder_inst.is_zero_b,1.82µm
adder_inst.man_b_r\[19\],1.82µm
net10,1.82µm
net13,1.82µm
net42,1.82µm
net702,1.82µm
net711,1.82µm
net793,1.82µm
_4124_,1.78µm
_0131_,1.75µm
_0244_,1.75µm
_0313_,1.75µm
_0329_,1.75µm
_3623_,1.725µm
_0012_,1.72µm
_2353_,1.72µm
_2435_,1.72µm
_2636_,1.72µm
_2733_,1.72µm
_3471_,1.72µm
_3477_,1.72µm
_3520_,1.72µm
_3624_,1.72µm
_3629_,1.72µm
_4232_,1.72µm
_4246_,1.72µm
_4313_,1.72µm
net584,1.72µm
_2414_,1.705µm
_0007_,1.7µm
_0013_,1.7µm
_0121_,1.7µm
_0169_,1.7µm
_0176_,1.7µm
_0179_,1.7µm
_0213_,1.7µm
_0318_,1.7µm
_0383_,1.7µm
_0407_,1.7µm
_0562_,1.7µm
_0679_,1.7µm
_1607_,1.7µm
_1615_,1.7µm
_2312_,1.7µm
_2557_,1.7µm
_2596_,1.7µm
_2722_,1.7µm
_2778_,1.7µm
_2916_,1.7µm
_3211_,1.7µm
_3336_,1.7µm
_3734_,1.7µm
_3835_,1.7µm
_3887_,1.7µm
_3907_,1.7µm
_4045_,1.7µm
_4137_,1.7µm
_4166_,1.7µm
_4189_,1.7µm
_4238_,1.7µm
_4266_,1.7µm
_4334_,1.7µm
_4365_,1.7µm
add_res\[29\],1.7µm
mul_res\[0\],1.7µm
multiplier_inst.man_final_r\[11\],1.7µm
multiplier_inst.man_final_r\[6\],1.7µm
net52,1.7µm
net70,1.7µm
net129,1.7µm
net619,1.7µm
net636,1.7µm
_0609_,1.68µm
_4227_,1.68µm
_3122_,1.605µm
_4327_,1.6µm
adder_inst.is_nan_a_r,1.6µm
net635,1.6µm
_3983_,1.59µm
_2591_,1.48µm
_3427_,1.48µm
_4333_,1.48µm
mul_res\[8\],1.48µm
net761,1.48µm
net776,1.48µm
net816,1.48µm
_4161_,1.475µm
_3503_,1.46µm
_0652_,1.38µm
_0727_,1.38µm
_2093_,1.38µm
_2385_,1.38µm
_2925_,1.38µm
_2970_,1.38µm
_3084_,1.38µm
_3276_,1.38µm
_3634_,1.38µm
_4145_,1.38µm
_4150_,1.38µm
_4256_,1.38µm
_4314_,1.38µm
_4404_,1.38µm
_4469_,1.38µm
multiplier_inst.man_final_r\[0\],1.38µm
multiplier_inst.man_final_r\[7\],1.38µm
net842,1.38µm
_0113_,1.36µm
_0114_,1.36µm
_0117_,1.36µm
_0118_,1.36µm
_0128_,1.36µm
_0134_,1.36µm
_0142_,1.36µm
_0144_,1.36µm
_0146_,1.36µm
_0148_,1.36µm
_0164_,1.36µm
_0170_,1.36µm
_0171_,1.36µm
_0181_,1.36µm
_0185_,1.36µm
_0220_,1.36µm
_0232_,1.36µm
_0240_,1.36µm
_0242_,1.36µm
_0245_,1.36µm
_0250_,1.36µm
_0258_,1.36µm
_0307_,1.36µm
_0371_,1.36µm
_0599_,1.36µm
_3369_,1.36µm
net719,1.36µm
net804,1.36µm
_0448_,1.26µm
_0867_,1.26µm
_0892_,1.26µm
_2223_,1.26µm
_2315_,1.26µm
_2809_,1.26µm
_3093_,1.26µm
_3102_,1.26µm
_3263_,1.26µm
_3360_,1.26µm
_3467_,1.26µm
_3509_,1.26µm
_3598_,1.26µm
_3613_,1.26µm
_4274_,1.26µm
_2693_,1.165µm
_2893_,1.14µm
_3359_,1.14µm
_3480_,1.14µm
_3594_,1.14µm
_3600_,1.14µm
_3620_,1.14µm
_3725_,1.14µm
_4427_,1.14µm
_4495_,1.14µm
add_res\[7\],1.14µm
net603,1.14µm
_4240_,1.1µm
_3486_,1.02µm
_3571_,1.02µm
_4285_,1.02µm
net658,1.02µm
net764,1.02µm
net768,1.02µm
net844,1.02µm
_1254_,0.92µm
_1277_,0.92µm
_1383_,0.92µm
_1443_,0.92µm
_2305_,0.92µm
_2465_,0.92µm
_2479_,0.92µm
_2610_,0.92µm
_2784_,0.92µm
_2891_,0.92µm
_2921_,0.92µm
_2937_,0.92µm
_3246_,0.92µm
_3256_,0.92µm
_3316_,0.92µm
_3564_,0.92µm
_3619_,0.92µm
_3637_,0.92µm
_4073_,0.92µm
_4086_,0.92µm
_4158_,0.92µm
_4239_,0.92µm
_4262_,0.92µm
_4350_,0.92µm
adder_inst.i_vld_r,0.92µm
net847,0.92µm
_1213_,0.8µm
_2679_,0.8µm
_2770_,0.8µm
_3352_,0.8µm
_3354_,0.8µm
_3424_,0.8µm
_3898_,0.8µm
_4243_,0.8µm
_4289_,0.8µm
_1154_,0.46µm
_2141_,0.46µm
_2253_,0.46µm
_2781_,0.46µm
_2944_,0.46µm
_3107_,0.46µm
_3409_,0.46µm
_3533_,0.46µm
_3539_,0.46µm
_3545_,0.46µm
_3584_,0.46µm
_3590_,0.46µm
_3730_,0.46µm
_3873_,0.46µm
_3893_,0.46µm
_3930_,0.46µm
_4129_,0.46µm
_4143_,0.46µm
_4252_,0.46µm
_4434_,0.46µm
add_res\[11\],0.46µm
multiplier_inst.man_final_r\[1\],0.46µm
net570,0.46µm
net786,0.46µm
net819,0.46µm
net839,0.46µm
